bomLineId,parent,child,quantity,uom,sequence,bomType,operation,scrapPercent,active
ODOO-BOMLINE-0000001,ODOO-VER-000015-010,ODOO-VER-000006-004,1,Units,2,normal,Assembly,0.25,TRUE
ODOO-BOMLINE-0000002,ODOO-VER-000015-010,ODOO-VER-000008-005,1,Units,3,normal,Assembly,0.50,TRUE
ODOO-BOMLINE-0000003,ODOO-VER-000015-010,ODOO-VER-000009-004,1,Units,4,normal,Assembly,0.75,TRUE
ODOO-BOMLINE-0000004,ODOO-VER-000015-020,ODOO-VER-000002-006,1,Units,5,normal,Assembly,0.00,TRUE
ODOO-BOMLINE-0000005,ODOO-VER-000015-020,ODOO-VER-000006-005,1,Units,6,normal,Assembly,0.25,TRUE
ODOO-BOMLINE-0000006,ODOO-VER-000015-020,ODOO-VER-000008-005,1,Units,7,normal,Assembly,0.50,TRUE
ODOO-BOMLINE-0000007,ODOO-VER-000015-020,ODOO-VER-000009-004,1,Units,8,normal,Assembly,0.75,TRUE
ODOO-BOMLINE-0000008,ODOO-VER-000015-020,ODOO-VER-000010-004,1,Units,9,normal,Assembly,0.00,TRUE
ODOO-BOMLINE-0000009,ODOO-VER-000015-020,ODOO-VER-000012-004,1,Units,10,normal,Assembly,0.25,TRUE
ODOO-BOMLINE-0000010,ODOO-VER-000015-021,ODOO-VER-000002-006,1,Units,11,normal,Assembly,0.50,TRUE
ODOO-BOMLINE-0000011,ODOO-VER-000015-021,ODOO-VER-000006-005,1,Units,12,normal,Assembly,0.75,TRUE
ODOO-BOMLINE-0000012,ODOO-VER-000015-021,ODOO-VER-000008-005,1,Units,13,normal,Assembly,0.00,TRUE
ODOO-BOMLINE-0000013,ODOO-VER-000015-010,ODOO-VER-000010-004,1,Units,14,normal,Assembly,0.25,TRUE
ODOO-BOMLINE-0000014,ODOO-VER-000015-021,ODOO-VER-000009-004,1,Units,15,normal,Assembly,0.50,TRUE
ODOO-BOMLINE-0000015,ODOO-VER-000015-021,ODOO-VER-000010-004,1,Units,16,normal,Assembly,0.75,TRUE
ODOO-BOMLINE-0000016,ODOO-VER-000015-021,ODOO-VER-000012-004,1,Units,17,normal,Assembly,0.00,TRUE
ODOO-BOMLINE-0000017,ODOO-VER-000015-022,ODOO-VER-000002-006,1,Units,18,normal,Assembly,0.25,TRUE
ODOO-BOMLINE-0000018,ODOO-VER-000015-022,ODOO-VER-000006-005,1,Units,19,normal,Assembly,0.50,TRUE
ODOO-BOMLINE-0000019,ODOO-VER-000015-022,ODOO-VER-000008-005,1,Units,20,normal,Assembly,0.75,TRUE
ODOO-BOMLINE-0000020,ODOO-VER-000015-022,ODOO-VER-000009-004,1,Units,21,normal,Assembly,0.00,TRUE
ODOO-BOMLINE-0000021,ODOO-VER-000015-022,ODOO-VER-000010-004,1,Units,22,normal,Assembly,0.25,TRUE
ODOO-BOMLINE-0000022,ODOO-VER-000015-022,ODOO-VER-000012-004,1,Units,23,normal,Assembly,0.50,TRUE
ODOO-BOMLINE-0000023,ODOO-VER-000015-023,ODOO-VER-000002-006,1,Units,24,normal,Assembly,0.75,TRUE
ODOO-BOMLINE-0000024,ODOO-VER-000015-010,ODOO-VER-000012-004,1,Units,25,normal,Assembly,0.00,TRUE
ODOO-BOMLINE-0000025,ODOO-VER-000015-023,ODOO-VER-000006-005,1,Units,26,normal,Assembly,0.25,TRUE
ODOO-BOMLINE-0000026,ODOO-VER-000015-023,ODOO-VER-000008-005,1,Units,27,normal,Assembly,0.50,TRUE
ODOO-BOMLINE-0000027,ODOO-VER-000015-023,ODOO-VER-000009-004,1,Units,28,normal,Assembly,0.75,TRUE
ODOO-BOMLINE-0000028,ODOO-VER-000015-023,ODOO-VER-000010-004,1,Units,29,normal,Assembly,0.00,TRUE
ODOO-BOMLINE-0000029,ODOO-VER-000015-023,ODOO-VER-000012-004,1,Units,30,normal,Assembly,0.25,TRUE
ODOO-BOMLINE-0000030,ODOO-VER-000015-024,ODOO-VER-000002-006,1,Units,31,normal,Assembly,0.50,TRUE
ODOO-BOMLINE-0000031,ODOO-VER-000015-024,ODOO-VER-000006-005,1,Units,32,normal,Assembly,0.75,TRUE
ODOO-BOMLINE-0000032,ODOO-VER-000015-024,ODOO-VER-000008-005,1,Units,33,normal,Assembly,0.00,TRUE
ODOO-BOMLINE-0000033,ODOO-VER-000015-024,ODOO-VER-000009-004,1,Units,34,normal,Assembly,0.25,TRUE
ODOO-BOMLINE-0000034,ODOO-VER-000015-024,ODOO-VER-000010-004,1,Units,35,normal,Assembly,0.50,TRUE
ODOO-BOMLINE-0000035,ODOO-VER-000015-011,ODOO-VER-000002-006,1,Units,36,normal,Assembly,0.75,TRUE
ODOO-BOMLINE-0000036,ODOO-VER-000015-024,ODOO-VER-000012-004,1,Units,37,normal,Assembly,0.00,TRUE
ODOO-BOMLINE-0000037,ODOO-VER-000015-025,ODOO-VER-000002-006,1,Units,38,normal,Assembly,0.25,TRUE
ODOO-BOMLINE-0000038,ODOO-VER-000015-025,ODOO-VER-000006-005,1,Units,39,normal,Assembly,0.50,TRUE
ODOO-BOMLINE-0000039,ODOO-VER-000015-025,ODOO-VER-000008-005,1,Units,40,normal,Assembly,0.75,TRUE
ODOO-BOMLINE-0000040,ODOO-VER-000015-025,ODOO-VER-000009-004,1,Units,41,normal,Assembly,0.00,TRUE
ODOO-BOMLINE-0000041,ODOO-VER-000015-025,ODOO-VER-000010-004,1,Units,42,normal,Assembly,0.25,TRUE
ODOO-BOMLINE-0000042,ODOO-VER-000015-025,ODOO-VER-000012-004,1,Units,43,normal,Assembly,0.50,TRUE
ODOO-BOMLINE-0000043,ODOO-VER-000015-026,ODOO-VER-000002-006,1,Units,44,normal,Assembly,0.75,TRUE
ODOO-BOMLINE-0000044,ODOO-VER-000015-026,ODOO-VER-000006-005,1,Units,45,normal,Assembly,0.00,TRUE
ODOO-BOMLINE-0000045,ODOO-VER-000015-026,ODOO-VER-000008-005,1,Units,46,normal,Assembly,0.25,TRUE
ODOO-BOMLINE-0000046,ODOO-VER-000015-011,ODOO-VER-000006-005,1,Units,47,normal,Assembly,0.50,TRUE
ODOO-BOMLINE-0000047,ODOO-VER-000015-026,ODOO-VER-000009-004,1,Units,48,normal,Assembly,0.75,TRUE
ODOO-BOMLINE-0000048,ODOO-VER-000015-026,ODOO-VER-000010-004,1,Units,49,normal,Assembly,0.00,TRUE
ODOO-BOMLINE-0000049,ODOO-VER-000015-026,ODOO-VER-000012-004,1,Units,50,normal,Assembly,0.25,TRUE
ODOO-BOMLINE-0000050,ODOO-VER-000015-027,ODOO-VER-000002-006,1,Units,51,normal,Assembly,0.50,TRUE
ODOO-BOMLINE-0000051,ODOO-VER-000015-027,ODOO-VER-000006-005,1,Units,52,normal,Assembly,0.75,TRUE
ODOO-BOMLINE-0000052,ODOO-VER-000015-027,ODOO-VER-000008-005,1,Units,53,normal,Assembly,0.00,TRUE
ODOO-BOMLINE-0000053,ODOO-VER-000015-027,ODOO-VER-000009-004,1,Units,54,normal,Assembly,0.25,TRUE
ODOO-BOMLINE-0000054,ODOO-VER-000015-027,ODOO-VER-000010-004,1,Units,55,normal,Assembly,0.50,TRUE
ODOO-BOMLINE-0000055,ODOO-VER-000015-027,ODOO-VER-000012-004,1,Units,56,normal,Assembly,0.75,TRUE
ODOO-BOMLINE-0000056,ODOO-VER-000015-028,ODOO-VER-000002-006,1,Units,57,normal,Assembly,0.00,TRUE
ODOO-BOMLINE-0000057,ODOO-VER-000015-011,ODOO-VER-000008-005,1,Units,58,normal,Assembly,0.25,TRUE
ODOO-BOMLINE-0000058,ODOO-VER-000015-028,ODOO-VER-000006-005,1,Units,59,normal,Assembly,0.50,TRUE
ODOO-BOMLINE-0000059,ODOO-VER-000015-028,ODOO-VER-000008-005,1,Units,60,normal,Assembly,0.75,TRUE
ODOO-BOMLINE-0000060,ODOO-VER-000015-028,ODOO-VER-000009-004,1,Units,61,normal,Assembly,0.00,TRUE
ODOO-BOMLINE-0000061,ODOO-VER-000015-028,ODOO-VER-000010-004,1,Units,62,normal,Assembly,0.25,TRUE
ODOO-BOMLINE-0000062,ODOO-VER-000015-028,ODOO-VER-000012-004,1,Units,63,normal,Assembly,0.50,TRUE
ODOO-BOMLINE-0000063,ODOO-VER-000015-029,ODOO-VER-000002-006,1,Units,64,normal,Assembly,0.75,TRUE
ODOO-BOMLINE-0000064,ODOO-VER-000015-029,ODOO-VER-000006-005,1,Units,65,normal,Assembly,0.00,TRUE
ODOO-BOMLINE-0000065,ODOO-VER-000015-029,ODOO-VER-000008-005,1,Units,66,normal,Assembly,0.25,TRUE
ODOO-BOMLINE-0000066,ODOO-VER-000015-029,ODOO-VER-000009-004,1,Units,67,normal,Assembly,0.50,TRUE
ODOO-BOMLINE-0000067,ODOO-VER-000015-029,ODOO-VER-000010-004,1,Units,68,normal,Assembly,0.75,TRUE
ODOO-BOMLINE-0000068,ODOO-VER-000015-011,ODOO-VER-000009-004,1,Units,69,normal,Assembly,0.00,TRUE
ODOO-BOMLINE-0000069,ODOO-VER-000015-029,ODOO-VER-000012-004,1,Units,70,normal,Assembly,0.25,TRUE
ODOO-BOMLINE-0000070,ODOO-VER-000014-003,ODOO-VER-000004-004,1,Units,71,normal,Assembly,0.50,TRUE
ODOO-BOMLINE-0000071,ODOO-VER-000014-003,ODOO-VER-000005-004,1,Units,72,normal,Assembly,0.75,TRUE
ODOO-BOMLINE-0000072,ODOO-VER-000014-003,ODOO-VER-000007-004,1,Units,73,normal,Assembly,0.00,TRUE
ODOO-BOMLINE-0000073,ODOO-VER-000014-003,ODOO-VER-000011-003,2,Units,74,normal,Assembly,0.25,TRUE
ODOO-BOMLINE-0000074,ODOO-VER-000014-003,ODOO-VER-000015-029,1,Units,75,normal,Assembly,0.50,TRUE
ODOO-BOMLINE-0000075,ODOO-VER-000014-004,ODOO-VER-000004-004,1,Units,76,normal,Assembly,0.75,TRUE
ODOO-BOMLINE-0000076,ODOO-VER-000014-004,ODOO-VER-000005-004,1,Units,77,normal,Assembly,0.00,TRUE
ODOO-BOMLINE-0000077,ODOO-VER-000014-004,ODOO-VER-000007-004,1,Units,78,normal,Assembly,0.25,TRUE
ODOO-BOMLINE-0000078,ODOO-VER-000014-004,ODOO-VER-000011-003,2,Units,79,normal,Assembly,0.50,TRUE
ODOO-BOMLINE-0000079,ODOO-VER-000015-011,ODOO-VER-000010-004,1,Units,80,normal,Assembly,0.75,TRUE
ODOO-BOMLINE-0000080,ODOO-VER-000014-004,ODOO-VER-000015-029,1,Units,81,normal,Assembly,0.00,TRUE
ODOO-BOMLINE-0000081,ODOO-VER-000014-005,ODOO-VER-000004-004,1,Units,82,normal,Assembly,0.25,TRUE
ODOO-BOMLINE-0000082,ODOO-VER-000014-005,ODOO-VER-000005-004,1,Units,83,normal,Assembly,0.50,TRUE
ODOO-BOMLINE-0000083,ODOO-VER-000014-005,ODOO-VER-000007-004,1,Units,84,normal,Assembly,0.75,TRUE
ODOO-BOMLINE-0000084,ODOO-VER-000014-005,ODOO-VER-000011-003,2,Units,85,normal,Assembly,0.00,TRUE
ODOO-BOMLINE-0000085,ODOO-VER-000014-005,ODOO-VER-000015-029,1,Units,86,normal,Assembly,0.25,TRUE
ODOO-BOMLINE-0000086,ODOO-VER-000014-006,ODOO-VER-000004-004,1,Units,87,normal,Assembly,0.50,TRUE
ODOO-BOMLINE-0000087,ODOO-VER-000014-006,ODOO-VER-000005-004,1,Units,88,normal,Assembly,0.75,TRUE
ODOO-BOMLINE-0000088,ODOO-VER-000014-006,ODOO-VER-000007-004,1,Units,89,normal,Assembly,0.00,TRUE
ODOO-BOMLINE-0000089,ODOO-VER-000014-006,ODOO-VER-000011-003,2,Units,90,normal,Assembly,0.25,TRUE
ODOO-BOMLINE-0000090,ODOO-VER-000015-011,ODOO-VER-000012-004,1,Units,91,normal,Assembly,0.50,TRUE
ODOO-BOMLINE-0000091,ODOO-VER-000014-006,ODOO-VER-000015-029,1,Units,92,normal,Assembly,0.75,TRUE
ODOO-BOMLINE-0000092,ODOO-VER-000014-007,ODOO-VER-000004-004,1,Units,93,normal,Assembly,0.00,TRUE
ODOO-BOMLINE-0000093,ODOO-VER-000014-007,ODOO-VER-000005-004,1,Units,94,normal,Assembly,0.25,TRUE
ODOO-BOMLINE-0000094,ODOO-VER-000014-007,ODOO-VER-000007-004,1,Units,95,normal,Assembly,0.50,TRUE
ODOO-BOMLINE-0000095,ODOO-VER-000014-007,ODOO-VER-000011-003,2,Units,96,normal,Assembly,0.75,TRUE
ODOO-BOMLINE-0000096,ODOO-VER-000014-007,ODOO-VER-000015-029,1,Units,97,normal,Assembly,0.00,TRUE
ODOO-BOMLINE-0000097,ODOO-VER-000014-008,ODOO-VER-000004-004,1,Units,98,normal,Assembly,0.25,TRUE
ODOO-BOMLINE-0000098,ODOO-VER-000014-008,ODOO-VER-000005-004,1,Units,99,normal,Assembly,0.50,TRUE
ODOO-BOMLINE-0000099,ODOO-VER-000014-008,ODOO-VER-000007-004,1,Units,100,normal,Assembly,0.75,TRUE
ODOO-BOMLINE-0000100,ODOO-VER-000014-008,ODOO-VER-000011-003,2,Units,1,normal,Assembly,0.00,TRUE
ODOO-BOMLINE-0000101,ODOO-VER-000015-012,ODOO-VER-000002-006,1,Units,2,normal,Assembly,0.25,TRUE
ODOO-BOMLINE-0000102,ODOO-VER-000014-008,ODOO-VER-000015-029,1,Units,3,normal,Assembly,0.50,TRUE
ODOO-BOMLINE-0000103,ODOO-VER-000014-009,ODOO-VER-000004-004,1,Units,4,normal,Assembly,0.75,TRUE
ODOO-BOMLINE-0000104,ODOO-VER-000014-009,ODOO-VER-000005-004,1,Units,5,normal,Assembly,0.00,TRUE
ODOO-BOMLINE-0000105,ODOO-VER-000014-009,ODOO-VER-000007-004,1,Units,6,normal,Assembly,0.25,TRUE
ODOO-BOMLINE-0000106,ODOO-VER-000014-009,ODOO-VER-000011-003,2,Units,7,normal,Assembly,0.50,TRUE
ODOO-BOMLINE-0000107,ODOO-VER-000014-009,ODOO-VER-000015-029,1,Units,8,normal,Assembly,0.75,TRUE
ODOO-BOMLINE-0000108,ODOO-VER-000014-010,ODOO-VER-000004-004,1,Units,9,normal,Assembly,0.00,TRUE
ODOO-BOMLINE-0000109,ODOO-VER-000014-010,ODOO-VER-000005-004,1,Units,10,normal,Assembly,0.25,TRUE
ODOO-BOMLINE-0000110,ODOO-VER-000014-010,ODOO-VER-000007-004,1,Units,11,normal,Assembly,0.50,TRUE
ODOO-BOMLINE-0000111,ODOO-VER-000014-010,ODOO-VER-000011-003,2,Units,12,normal,Assembly,0.75,TRUE
ODOO-BOMLINE-0000112,ODOO-VER-000015-012,ODOO-VER-000006-005,1,Units,13,normal,Assembly,0.00,TRUE
ODOO-BOMLINE-0000113,ODOO-VER-000014-010,ODOO-VER-000015-029,1,Units,14,normal,Assembly,0.25,TRUE
ODOO-BOMLINE-0000114,ODOO-VER-000014-011,ODOO-VER-000004-004,1,Units,15,normal,Assembly,0.50,TRUE
ODOO-BOMLINE-0000115,ODOO-VER-000014-011,ODOO-VER-000005-004,1,Units,16,normal,Assembly,0.75,TRUE
ODOO-BOMLINE-0000116,ODOO-VER-000014-011,ODOO-VER-000007-004,1,Units,17,normal,Assembly,0.00,TRUE
ODOO-BOMLINE-0000117,ODOO-VER-000014-011,ODOO-VER-000011-003,2,Units,18,normal,Assembly,0.25,TRUE
ODOO-BOMLINE-0000118,ODOO-VER-000014-011,ODOO-VER-000015-029,1,Units,19,normal,Assembly,0.50,TRUE
ODOO-BOMLINE-0000119,ODOO-VER-000014-012,ODOO-VER-000004-004,1,Units,20,normal,Assembly,0.75,TRUE
ODOO-BOMLINE-0000120,ODOO-VER-000014-012,ODOO-VER-000005-004,1,Units,21,normal,Assembly,0.00,TRUE
ODOO-BOMLINE-0000121,ODOO-VER-000014-012,ODOO-VER-000007-004,1,Units,22,normal,Assembly,0.25,TRUE
ODOO-BOMLINE-0000122,ODOO-VER-000014-012,ODOO-VER-000011-003,2,Units,23,normal,Assembly,0.50,TRUE
ODOO-BOMLINE-0000123,ODOO-VER-000015-012,ODOO-VER-000008-005,1,Units,24,normal,Assembly,0.75,TRUE
ODOO-BOMLINE-0000124,ODOO-VER-000014-012,ODOO-VER-000015-029,1,Units,25,normal,Assembly,0.00,TRUE
ODOO-BOMLINE-0000125,ODOO-VER-001022-001,ODOO-VER-000002-006,1,Units,26,normal,Assembly,0.25,TRUE
ODOO-BOMLINE-0000126,ODOO-VER-001022-001,ODOO-VER-000006-005,1,Units,27,normal,Assembly,0.50,TRUE
ODOO-BOMLINE-0000127,ODOO-VER-000003-004,ODOO-VER-000013-002,1,Units,28,normal,Assembly,0.75,TRUE
ODOO-BOMLINE-0000128,ODOO-VER-001022-001,ODOO-VER-000008-005,1,Units,29,normal,Assembly,0.00,TRUE
ODOO-BOMLINE-0000129,ODOO-VER-001022-001,ODOO-VER-000009-004,1,Units,30,normal,Assembly,0.25,TRUE
ODOO-BOMLINE-0000130,ODOO-VER-001022-001,ODOO-VER-000010-004,1,Units,31,normal,Assembly,0.50,TRUE
ODOO-BOMLINE-0000131,ODOO-VER-001022-001,ODOO-VER-000012-004,1,Units,32,normal,Assembly,0.75,TRUE
ODOO-BOMLINE-0000132,ODOO-VER-001022-002,ODOO-VER-000002-006,1,Units,33,normal,Assembly,0.00,TRUE
ODOO-BOMLINE-0000133,ODOO-VER-001022-002,ODOO-VER-000006-005,1,Units,34,normal,Assembly,0.25,TRUE
ODOO-BOMLINE-0000134,ODOO-VER-001022-002,ODOO-VER-000008-005,1,Units,35,normal,Assembly,0.50,TRUE
ODOO-BOMLINE-0000135,ODOO-VER-000015-012,ODOO-VER-000009-004,1,Units,36,normal,Assembly,0.75,TRUE
ODOO-BOMLINE-0000136,ODOO-VER-001022-002,ODOO-VER-000009-004,1,Units,37,normal,Assembly,0.00,TRUE
ODOO-BOMLINE-0000137,ODOO-VER-001022-002,ODOO-VER-000010-004,1,Units,38,normal,Assembly,0.25,TRUE
ODOO-BOMLINE-0000138,ODOO-VER-001022-002,ODOO-VER-000012-004,1,Units,39,normal,Assembly,0.50,TRUE
ODOO-BOMLINE-0000139,ODOO-VER-001023-001,ODOO-VER-000004-004,1,Units,40,normal,Assembly,0.75,TRUE
ODOO-BOMLINE-0000140,ODOO-VER-001023-001,ODOO-VER-000005-004,1,Units,41,normal,Assembly,0.00,TRUE
ODOO-BOMLINE-0000141,ODOO-VER-001023-001,ODOO-VER-000007-004,1,Units,42,normal,Assembly,0.25,TRUE
ODOO-BOMLINE-0000142,ODOO-VER-001023-001,ODOO-VER-000011-003,2,Units,43,normal,Assembly,0.50,TRUE
ODOO-BOMLINE-0000143,ODOO-VER-001023-001,ODOO-VER-000015-029,1,Units,44,normal,Assembly,0.75,TRUE
ODOO-BOMLINE-0000144,ODOO-VER-001023-002,ODOO-VER-000004-004,1,Units,45,normal,Assembly,0.00,TRUE
ODOO-BOMLINE-0000145,ODOO-VER-001023-002,ODOO-VER-000005-004,1,Units,46,normal,Assembly,0.25,TRUE
ODOO-BOMLINE-0000146,ODOO-VER-000015-012,ODOO-VER-000010-004,1,Units,47,normal,Assembly,0.50,TRUE
ODOO-BOMLINE-0000147,ODOO-VER-001023-002,ODOO-VER-000007-004,1,Units,48,normal,Assembly,0.75,TRUE
ODOO-BOMLINE-0000148,ODOO-VER-001023-002,ODOO-VER-000011-003,2,Units,49,normal,Assembly,0.00,TRUE
ODOO-BOMLINE-0000149,ODOO-VER-001023-002,ODOO-VER-000015-029,1,Units,50,normal,Assembly,0.25,TRUE
ODOO-BOMLINE-0000150,ODOO-VER-001024-001,ODOO-VER-000004-004,1,Units,51,normal,Assembly,0.50,TRUE
ODOO-BOMLINE-0000151,ODOO-VER-001024-001,ODOO-VER-000005-004,1,Units,52,normal,Assembly,0.75,TRUE
ODOO-BOMLINE-0000152,ODOO-VER-001024-001,ODOO-VER-000007-004,1,Units,53,normal,Assembly,0.00,TRUE
ODOO-BOMLINE-0000153,ODOO-VER-001024-001,ODOO-VER-000011-003,2,Units,54,normal,Assembly,0.25,TRUE
ODOO-BOMLINE-0000154,ODOO-VER-001024-001,ODOO-VER-000015-029,1,Units,55,normal,Assembly,0.50,TRUE
ODOO-BOMLINE-0000155,ODOO-VER-001025-001,ODOO-VER-000004-004,1,Units,56,normal,Assembly,0.75,TRUE
ODOO-BOMLINE-0000156,ODOO-VER-001025-001,ODOO-VER-000005-004,1,Units,57,normal,Assembly,0.00,TRUE
ODOO-BOMLINE-0000157,ODOO-VER-000015-012,ODOO-VER-000012-004,1,Units,58,normal,Assembly,0.25,TRUE
ODOO-BOMLINE-0000158,ODOO-VER-001025-001,ODOO-VER-000007-004,1,Units,59,normal,Assembly,0.50,TRUE
ODOO-BOMLINE-0000159,ODOO-VER-001025-001,ODOO-VER-000011-003,2,Units,60,normal,Assembly,0.75,TRUE
ODOO-BOMLINE-0000160,ODOO-VER-001025-001,ODOO-VER-000015-029,1,Units,61,normal,Assembly,0.00,TRUE
ODOO-BOMLINE-0000161,ODOO-VER-001025-002,ODOO-VER-000004-004,1,Units,62,normal,Assembly,0.25,TRUE
ODOO-BOMLINE-0000162,ODOO-VER-001025-002,ODOO-VER-000005-004,1,Units,63,normal,Assembly,0.50,TRUE
ODOO-BOMLINE-0000163,ODOO-VER-001025-002,ODOO-VER-000007-004,1,Units,64,normal,Assembly,0.75,TRUE
ODOO-BOMLINE-0000164,ODOO-VER-001025-002,ODOO-VER-000011-003,2,Units,65,normal,Assembly,0.00,TRUE
ODOO-BOMLINE-0000165,ODOO-VER-001025-002,ODOO-VER-000015-029,1,Units,66,normal,Assembly,0.25,TRUE
ODOO-BOMLINE-0000166,ODOO-VER-000014-013,ODOO-VER-000004-004,1,Units,67,normal,Assembly,0.50,TRUE
ODOO-BOMLINE-0000167,ODOO-VER-000014-013,ODOO-VER-000005-004,1,Units,68,normal,Assembly,0.75,TRUE
ODOO-BOMLINE-0000168,ODOO-VER-000015-013,ODOO-VER-000002-006,1,Units,69,normal,Assembly,0.00,TRUE
ODOO-BOMLINE-0000169,ODOO-VER-000014-013,ODOO-VER-000007-004,1,Units,70,normal,Assembly,0.25,TRUE
ODOO-BOMLINE-0000170,ODOO-VER-000014-013,ODOO-VER-000011-003,2,Units,71,normal,Assembly,0.50,TRUE
ODOO-BOMLINE-0000171,ODOO-VER-000014-013,ODOO-VER-000015-029,1,Units,72,normal,Assembly,0.75,TRUE
ODOO-BOMLINE-0000172,ODOO-VER-000014-014,ODOO-VER-000004-004,1,Units,73,normal,Assembly,0.00,TRUE
ODOO-BOMLINE-0000173,ODOO-VER-000014-014,ODOO-VER-000005-004,1,Units,74,normal,Assembly,0.25,TRUE
ODOO-BOMLINE-0000174,ODOO-VER-000014-014,ODOO-VER-000007-004,1,Units,75,normal,Assembly,0.50,TRUE
ODOO-BOMLINE-0000175,ODOO-VER-000014-014,ODOO-VER-000011-003,2,Units,76,normal,Assembly,0.75,TRUE
ODOO-BOMLINE-0000176,ODOO-VER-000014-014,ODOO-VER-000015-029,1,Units,77,normal,Assembly,0.00,TRUE
ODOO-BOMLINE-0000177,ODOO-VER-000014-015,ODOO-VER-000004-004,1,Units,78,normal,Assembly,0.25,TRUE
ODOO-BOMLINE-0000178,ODOO-VER-000014-015,ODOO-VER-000005-004,1,Units,79,normal,Assembly,0.50,TRUE
ODOO-BOMLINE-0000179,ODOO-VER-000015-013,ODOO-VER-000006-005,1,Units,80,normal,Assembly,0.75,TRUE
ODOO-BOMLINE-0000180,ODOO-VER-000014-015,ODOO-VER-000007-004,1,Units,81,normal,Assembly,0.00,TRUE
ODOO-BOMLINE-0000181,ODOO-VER-000014-015,ODOO-VER-000011-003,2,Units,82,normal,Assembly,0.25,TRUE
ODOO-BOMLINE-0000182,ODOO-VER-000014-015,ODOO-VER-000015-029,1,Units,83,normal,Assembly,0.50,TRUE
ODOO-BOMLINE-0000183,ODOO-VER-000014-016,ODOO-VER-000004-004,1,Units,84,normal,Assembly,0.75,TRUE
ODOO-BOMLINE-0000184,ODOO-VER-000014-016,ODOO-VER-000005-004,1,Units,85,normal,Assembly,0.00,TRUE
ODOO-BOMLINE-0000185,ODOO-VER-000014-016,ODOO-VER-000007-004,1,Units,86,normal,Assembly,0.25,TRUE
ODOO-BOMLINE-0000186,ODOO-VER-000014-016,ODOO-VER-000011-003,2,Units,87,normal,Assembly,0.50,TRUE
ODOO-BOMLINE-0000187,ODOO-VER-000014-016,ODOO-VER-000015-029,1,Units,88,normal,Assembly,0.75,TRUE
ODOO-BOMLINE-0000188,ODOO-VER-000014-017,ODOO-VER-000007-004,1,Units,89,normal,Assembly,0.00,TRUE
ODOO-BOMLINE-0000189,ODOO-VER-000014-017,ODOO-VER-000004-004,1,Units,90,normal,Assembly,0.25,TRUE
ODOO-BOMLINE-0000190,ODOO-VER-000015-013,ODOO-VER-000008-005,1,Units,91,normal,Assembly,0.50,TRUE
ODOO-BOMLINE-0000191,ODOO-VER-000014-017,ODOO-VER-000005-004,1,Units,92,normal,Assembly,0.75,TRUE
ODOO-BOMLINE-0000192,ODOO-VER-000014-017,ODOO-VER-000011-003,2,Units,93,normal,Assembly,0.00,TRUE
ODOO-BOMLINE-0000193,ODOO-VER-000014-017,ODOO-VER-000015-029,1,Units,94,normal,Assembly,0.25,TRUE
ODOO-BOMLINE-0000194,ODOO-VER-000014-018,ODOO-VER-000007-004,1,Units,95,normal,Assembly,0.50,TRUE
ODOO-BOMLINE-0000195,ODOO-VER-000014-018,ODOO-VER-000004-004,1,Units,96,normal,Assembly,0.75,TRUE
ODOO-BOMLINE-0000196,ODOO-VER-000014-018,ODOO-VER-000005-004,1,Units,97,normal,Assembly,0.00,TRUE
ODOO-BOMLINE-0000197,ODOO-VER-000014-018,ODOO-VER-000011-003,2,Units,98,normal,Assembly,0.25,TRUE
ODOO-BOMLINE-0000198,ODOO-VER-000014-018,ODOO-VER-000015-029,1,Units,99,normal,Assembly,0.50,TRUE
ODOO-BOMLINE-0000199,ODOO-VER-000014-019,ODOO-VER-000007-004,1,Units,100,normal,Assembly,0.75,TRUE
ODOO-BOMLINE-0000200,ODOO-VER-000014-019,ODOO-VER-000004-004,1,Units,1,normal,Assembly,0.00,TRUE
ODOO-BOMLINE-0000201,ODOO-VER-000015-013,ODOO-VER-000009-004,1,Units,2,normal,Assembly,0.25,TRUE
ODOO-BOMLINE-0000202,ODOO-VER-000014-019,ODOO-VER-000005-004,1,Units,3,normal,Assembly,0.50,TRUE
ODOO-BOMLINE-0000203,ODOO-VER-000014-019,ODOO-VER-000011-003,2,Units,4,normal,Assembly,0.75,TRUE
ODOO-BOMLINE-0000204,ODOO-VER-000014-019,ODOO-VER-000015-029,1,Units,5,normal,Assembly,0.00,TRUE
ODOO-BOMLINE-0000205,ODOO-VER-000014-020,ODOO-VER-000007-004,1,Units,6,normal,Assembly,0.25,TRUE
ODOO-BOMLINE-0000206,ODOO-VER-000014-020,ODOO-VER-000004-004,1,Units,7,normal,Assembly,0.50,TRUE
ODOO-BOMLINE-0000207,ODOO-VER-000014-020,ODOO-VER-000005-004,1,Units,8,normal,Assembly,0.75,TRUE
ODOO-BOMLINE-0000208,ODOO-VER-000014-020,ODOO-VER-000011-003,2,Units,9,normal,Assembly,0.00,TRUE
ODOO-BOMLINE-0000209,ODOO-VER-000014-020,ODOO-VER-000015-029,1,Units,10,normal,Assembly,0.25,TRUE
ODOO-BOMLINE-0000210,ODOO-VER-000014-021,ODOO-VER-000007-004,1,Units,11,normal,Assembly,0.50,TRUE
ODOO-BOMLINE-0000211,ODOO-VER-000014-021,ODOO-VER-000004-004,1,Units,12,normal,Assembly,0.75,TRUE
ODOO-BOMLINE-0000212,ODOO-VER-000015-013,ODOO-VER-000010-004,1,Units,13,normal,Assembly,0.00,TRUE
ODOO-BOMLINE-0000213,ODOO-VER-000014-021,ODOO-VER-000005-004,1,Units,14,normal,Assembly,0.25,TRUE
ODOO-BOMLINE-0000214,ODOO-VER-000014-021,ODOO-VER-000011-003,2,Units,15,normal,Assembly,0.50,TRUE
ODOO-BOMLINE-0000215,ODOO-VER-000014-021,ODOO-VER-000015-029,1,Units,16,normal,Assembly,0.75,TRUE
ODOO-BOMLINE-0000216,ODOO-VER-000014-022,ODOO-VER-000004-004,1,Units,17,normal,Assembly,0.00,TRUE
ODOO-BOMLINE-0000217,ODOO-VER-000014-022,ODOO-VER-000005-004,1,Units,18,normal,Assembly,0.25,TRUE
ODOO-BOMLINE-0000218,ODOO-VER-000014-022,ODOO-VER-000007-004,1,Units,19,normal,Assembly,0.50,TRUE
ODOO-BOMLINE-0000219,ODOO-VER-000014-022,ODOO-VER-000011-003,2,Units,20,normal,Assembly,0.75,TRUE
ODOO-BOMLINE-0000220,ODOO-VER-000014-022,ODOO-VER-000015-029,1,Units,21,normal,Assembly,0.00,TRUE
ODOO-BOMLINE-0000221,ODOO-VER-000014-023,ODOO-VER-000007-004,1,Units,22,normal,Assembly,0.25,TRUE
ODOO-BOMLINE-0000222,ODOO-VER-000014-023,ODOO-VER-000004-004,1,Units,23,normal,Assembly,0.50,TRUE
ODOO-BOMLINE-0000223,ODOO-VER-000015-013,ODOO-VER-000012-004,1,Units,24,normal,Assembly,0.75,TRUE
ODOO-BOMLINE-0000224,ODOO-VER-000014-023,ODOO-VER-000005-004,1,Units,25,normal,Assembly,0.00,TRUE
ODOO-BOMLINE-0000225,ODOO-VER-000014-023,ODOO-VER-000011-003,2,Units,26,normal,Assembly,0.25,TRUE
ODOO-BOMLINE-0000226,ODOO-VER-000014-023,ODOO-VER-000015-029,1,Units,27,normal,Assembly,0.50,TRUE
ODOO-BOMLINE-0000227,ODOO-VER-000014-024,ODOO-VER-000007-004,1,Units,28,normal,Assembly,0.75,TRUE
ODOO-BOMLINE-0000228,ODOO-VER-000014-024,ODOO-VER-000004-004,1,Units,29,normal,Assembly,0.00,TRUE
ODOO-BOMLINE-0000229,ODOO-VER-000014-024,ODOO-VER-000005-004,1,Units,30,normal,Assembly,0.25,TRUE
ODOO-BOMLINE-0000230,ODOO-VER-000014-024,ODOO-VER-000011-003,2,Units,31,normal,Assembly,0.50,TRUE
ODOO-BOMLINE-0000231,ODOO-VER-000014-024,ODOO-VER-000015-029,1,Units,32,normal,Assembly,0.75,TRUE
ODOO-BOMLINE-0000232,ODOO-VER-000014-025,ODOO-VER-000007-004,1,Units,33,normal,Assembly,0.00,TRUE
ODOO-BOMLINE-0000233,ODOO-VER-000014-025,ODOO-VER-000004-004,1,Units,34,normal,Assembly,0.25,TRUE
ODOO-BOMLINE-0000234,ODOO-VER-000015-014,ODOO-VER-000002-006,1,Units,35,normal,Assembly,0.50,TRUE
ODOO-BOMLINE-0000235,ODOO-VER-000014-025,ODOO-VER-000005-004,1,Units,36,normal,Assembly,0.75,TRUE
ODOO-BOMLINE-0000236,ODOO-VER-000014-025,ODOO-VER-000011-003,2,Units,37,normal,Assembly,0.00,TRUE
ODOO-BOMLINE-0000237,ODOO-VER-000014-025,ODOO-VER-000015-029,1,Units,38,normal,Assembly,0.25,TRUE
ODOO-BOMLINE-0000238,ODOO-VER-000014-026,ODOO-VER-000004-004,1,Units,39,normal,Assembly,0.50,TRUE
ODOO-BOMLINE-0000239,ODOO-VER-000014-026,ODOO-VER-000005-004,1,Units,40,normal,Assembly,0.75,TRUE
ODOO-BOMLINE-0000240,ODOO-VER-000014-026,ODOO-VER-000007-004,1,Units,41,normal,Assembly,0.00,TRUE
ODOO-BOMLINE-0000241,ODOO-VER-000014-026,ODOO-VER-000011-003,2,Units,42,normal,Assembly,0.25,TRUE
ODOO-BOMLINE-0000242,ODOO-VER-000014-026,ODOO-VER-000015-029,1,Units,43,normal,Assembly,0.50,TRUE
ODOO-BOMLINE-0000243,ODOO-VER-001025-003,ODOO-VER-000004-004,1,Units,44,normal,Assembly,0.75,TRUE
ODOO-BOMLINE-0000244,ODOO-VER-001025-003,ODOO-VER-000005-004,1,Units,45,normal,Assembly,0.00,TRUE
ODOO-BOMLINE-0000245,ODOO-VER-000015-014,ODOO-VER-000006-005,1,Units,46,normal,Assembly,0.25,TRUE
ODOO-BOMLINE-0000246,ODOO-VER-001025-003,ODOO-VER-000007-004,1,Units,47,normal,Assembly,0.50,TRUE
ODOO-BOMLINE-0000247,ODOO-VER-001025-003,ODOO-VER-000011-003,2,Units,48,normal,Assembly,0.75,TRUE
ODOO-BOMLINE-0000248,ODOO-VER-001025-003,ODOO-VER-000015-029,1,Units,49,normal,Assembly,0.00,TRUE
ODOO-BOMLINE-0000249,ODOO-VER-001025-004,ODOO-VER-000004-004,1,Units,50,normal,Assembly,0.25,TRUE
ODOO-BOMLINE-0000250,ODOO-VER-001025-004,ODOO-VER-000005-004,1,Units,51,normal,Assembly,0.50,TRUE
ODOO-BOMLINE-0000251,ODOO-VER-001025-004,ODOO-VER-000007-004,1,Units,52,normal,Assembly,0.75,TRUE
ODOO-BOMLINE-0000252,ODOO-VER-001025-004,ODOO-VER-000011-003,2,Units,53,normal,Assembly,0.00,TRUE
ODOO-BOMLINE-0000253,ODOO-VER-001025-004,ODOO-VER-000015-029,1,Units,54,normal,Assembly,0.25,TRUE
ODOO-BOMLINE-0000254,ODOO-VER-001025-005,ODOO-VER-000007-004,1,Units,55,normal,Assembly,0.50,TRUE
ODOO-BOMLINE-0000255,ODOO-VER-001025-005,ODOO-VER-000004-004,1,Units,56,normal,Assembly,0.75,TRUE
ODOO-BOMLINE-0000256,ODOO-VER-000015-014,ODOO-VER-000008-005,1,Units,57,normal,Assembly,0.00,TRUE
ODOO-BOMLINE-0000257,ODOO-VER-001025-005,ODOO-VER-000005-004,1,Units,58,normal,Assembly,0.25,TRUE
ODOO-BOMLINE-0000258,ODOO-VER-001025-005,ODOO-VER-000011-003,2,Units,59,normal,Assembly,0.50,TRUE
ODOO-BOMLINE-0000259,ODOO-VER-001025-005,ODOO-VER-000015-029,1,Units,60,normal,Assembly,0.75,TRUE
ODOO-BOMLINE-0000260,ODOO-VER-001025-006,ODOO-VER-000007-004,1,Units,61,normal,Assembly,0.00,TRUE
ODOO-BOMLINE-0000261,ODOO-VER-001025-006,ODOO-VER-000004-004,1,Units,62,normal,Assembly,0.25,TRUE
ODOO-BOMLINE-0000262,ODOO-VER-001025-006,ODOO-VER-000005-004,1,Units,63,normal,Assembly,0.50,TRUE
ODOO-BOMLINE-0000263,ODOO-VER-001025-006,ODOO-VER-000011-003,2,Units,64,normal,Assembly,0.75,TRUE
ODOO-BOMLINE-0000264,ODOO-VER-001025-006,ODOO-VER-000015-029,1,Units,65,normal,Assembly,0.00,TRUE
ODOO-BOMLINE-0000265,ODOO-VER-000015-014,ODOO-VER-000009-004,1,Units,66,normal,Assembly,0.25,TRUE
ODOO-BOMLINE-0000266,ODOO-VER-001023-003,ODOO-VER-000007-004,1,Units,67,normal,Assembly,0.50,TRUE
ODOO-BOMLINE-0000267,ODOO-VER-001023-003,ODOO-VER-000004-004,1,Units,68,normal,Assembly,0.75,TRUE
ODOO-BOMLINE-0000268,ODOO-VER-001023-003,ODOO-VER-000005-004,1,Units,69,normal,Assembly,0.00,TRUE
ODOO-BOMLINE-0000269,ODOO-VER-001023-003,ODOO-VER-000011-004,2,Units,70,normal,Assembly,0.25,TRUE
ODOO-BOMLINE-0000270,ODOO-VER-001023-003,ODOO-VER-000015-029,1,Units,71,normal,Assembly,0.50,TRUE
ODOO-BOMLINE-0000271,ODOO-VER-001023-004,ODOO-VER-000007-004,1,Units,72,normal,Assembly,0.75,TRUE
ODOO-BOMLINE-0000272,ODOO-VER-001023-004,ODOO-VER-000004-004,1,Units,73,normal,Assembly,0.00,TRUE
ODOO-BOMLINE-0000273,ODOO-VER-001023-004,ODOO-VER-000005-004,1,Units,74,normal,Assembly,0.25,TRUE
ODOO-BOMLINE-0000274,ODOO-VER-001023-004,ODOO-VER-000011-004,2,Units,75,normal,Assembly,0.50,TRUE
ODOO-BOMLINE-0000275,ODOO-VER-001023-004,ODOO-VER-000015-029,1,Units,76,normal,Assembly,0.75,TRUE
ODOO-BOMLINE-0000276,ODOO-VER-000015-014,ODOO-VER-000010-004,1,Units,77,normal,Assembly,0.00,TRUE
ODOO-BOMLINE-0000277,ODOO-VER-000015-030,ODOO-VER-000002-006,1,Units,78,normal,Assembly,0.25,TRUE
ODOO-BOMLINE-0000278,ODOO-VER-000015-030,ODOO-VER-000006-005,1,Units,79,normal,Assembly,0.50,TRUE
ODOO-BOMLINE-0000279,ODOO-VER-000015-030,ODOO-VER-000008-005,1,Units,80,normal,Assembly,0.75,TRUE
ODOO-BOMLINE-0000280,ODOO-VER-000015-030,ODOO-VER-000009-004,1,Units,81,normal,Assembly,0.00,TRUE
ODOO-BOMLINE-0000281,ODOO-VER-000015-030,ODOO-VER-000010-004,1,Units,82,normal,Assembly,0.25,TRUE
ODOO-BOMLINE-0000282,ODOO-VER-000015-030,ODOO-VER-000012-005,1,Units,83,normal,Assembly,0.50,TRUE
ODOO-BOMLINE-0000283,ODOO-VER-000003-007,ODOO-VER-000013-004,1,Units,84,normal,Assembly,0.75,TRUE
ODOO-BOMLINE-0000284,ODOO-VER-000015-014,ODOO-VER-000012-004,1,Units,85,normal,Assembly,0.00,TRUE
ODOO-BOMLINE-0000285,ODOO-VER-000003-008,ODOO-VER-000013-005,1,Units,86,normal,Assembly,0.25,TRUE
ODOO-BOMLINE-0000286,ODOO-VER-000003-009,ODOO-VER-000013-005,1,Units,87,normal,Assembly,0.50,TRUE
ODOO-BOMLINE-0000287,ODOO-VER-000003-010,ODOO-VER-000013-005,1,Units,88,normal,Assembly,0.75,TRUE
ODOO-BOMLINE-0000288,ODOO-VER-000015-015,ODOO-VER-000002-006,1,Units,89,normal,Assembly,0.00,TRUE
ODOO-BOMLINE-0000289,ODOO-VER-001040-002,ODOO-VER-000004-004,1,Units,90,normal,Assembly,0.25,TRUE
ODOO-BOMLINE-0000290,ODOO-VER-001040-002,ODOO-VER-000005-004,1,Units,91,normal,Assembly,0.50,TRUE
ODOO-BOMLINE-0000291,ODOO-VER-001040-002,ODOO-VER-000007-004,1,Units,92,normal,Assembly,0.75,TRUE
ODOO-BOMLINE-0000292,ODOO-VER-001040-002,ODOO-VER-000011-004,2,Units,93,normal,Assembly,0.00,TRUE
ODOO-BOMLINE-0000293,ODOO-VER-001040-002,ODOO-VER-000015-030,1,Units,94,normal,Assembly,0.25,TRUE
ODOO-BOMLINE-0000294,ODOO-VER-000015-015,ODOO-VER-000006-005,1,Units,95,normal,Assembly,0.50,TRUE
ODOO-BOMLINE-0000295,ODOO-VER-000015-031,ODOO-VER-000002-008,1,Units,96,normal,Assembly,0.75,TRUE
ODOO-BOMLINE-0000296,ODOO-VER-000015-031,ODOO-VER-000006-006,1,Units,97,normal,Assembly,0.00,TRUE
ODOO-BOMLINE-0000297,ODOO-VER-000015-031,ODOO-VER-000008-005,1,Units,98,normal,Assembly,0.25,TRUE
ODOO-BOMLINE-0000298,ODOO-VER-000015-031,ODOO-VER-000009-005,1,Units,99,normal,Assembly,0.50,TRUE
ODOO-BOMLINE-0000299,ODOO-VER-000015-031,ODOO-VER-000010-008,1,Units,100,normal,Assembly,0.75,TRUE
ODOO-BOMLINE-0000300,ODOO-VER-000015-031,ODOO-VER-000012-006,1,Units,1,normal,Assembly,0.00,TRUE
ODOO-BOMLINE-0000301,ODOO-VER-001040-003,ODOO-VER-000004-004,1,Units,2,normal,Assembly,0.25,TRUE
ODOO-BOMLINE-0000302,ODOO-VER-001040-003,ODOO-VER-000005-004,1,Units,3,normal,Assembly,0.50,TRUE
ODOO-BOMLINE-0000303,ODOO-VER-000015-015,ODOO-VER-000008-005,1,Units,4,normal,Assembly,0.75,TRUE
ODOO-BOMLINE-0000304,ODOO-VER-001040-003,ODOO-VER-000007-004,1,Units,5,normal,Assembly,0.00,TRUE
ODOO-BOMLINE-0000305,ODOO-VER-001040-003,ODOO-VER-000011-004,2,Units,6,normal,Assembly,0.25,TRUE
ODOO-BOMLINE-0000306,ODOO-VER-001040-003,ODOO-VER-000015-031,1,Units,7,normal,Assembly,0.50,TRUE
ODOO-BOMLINE-0000307,ODOO-VER-001041-001,ODOO-VER-000004-004,1,Units,8,normal,Assembly,0.75,TRUE
ODOO-BOMLINE-0000308,ODOO-VER-001041-001,ODOO-VER-000005-004,1,Units,9,normal,Assembly,0.00,TRUE
ODOO-BOMLINE-0000309,ODOO-VER-001041-001,ODOO-VER-000007-004,1,Units,10,normal,Assembly,0.25,TRUE
ODOO-BOMLINE-0000310,ODOO-VER-001041-001,ODOO-VER-000011-004,2,Units,11,normal,Assembly,0.50,TRUE
ODOO-BOMLINE-0000311,ODOO-VER-001041-001,ODOO-VER-000015-031,1,Units,12,normal,Assembly,0.75,TRUE
ODOO-BOMLINE-0000312,ODOO-VER-001041-002,ODOO-VER-000004-004,1,Units,13,normal,Assembly,0.00,TRUE
ODOO-BOMLINE-0000313,ODOO-VER-001041-002,ODOO-VER-000005-004,1,Units,14,normal,Assembly,0.25,TRUE
ODOO-BOMLINE-0000314,ODOO-VER-000015-015,ODOO-VER-000009-004,1,Units,15,normal,Assembly,0.50,TRUE
ODOO-BOMLINE-0000315,ODOO-VER-001041-002,ODOO-VER-000007-004,1,Units,16,normal,Assembly,0.75,TRUE
ODOO-BOMLINE-0000316,ODOO-VER-001041-002,ODOO-VER-000011-004,2,Units,17,normal,Assembly,0.00,TRUE
ODOO-BOMLINE-0000317,ODOO-VER-001041-002,ODOO-VER-000015-031,1,Units,18,normal,Assembly,0.25,TRUE
ODOO-BOMLINE-0000318,ODOO-VER-001042-002,ODOO-VER-000004-004,1,Units,19,normal,Assembly,0.50,TRUE
ODOO-BOMLINE-0000319,ODOO-VER-001042-002,ODOO-VER-000005-004,1,Units,20,normal,Assembly,0.75,TRUE
ODOO-BOMLINE-0000320,ODOO-VER-001042-002,ODOO-VER-000007-004,1,Units,21,normal,Assembly,0.00,TRUE
ODOO-BOMLINE-0000321,ODOO-VER-001042-002,ODOO-VER-000011-004,2,Units,22,normal,Assembly,0.25,TRUE
ODOO-BOMLINE-0000322,ODOO-VER-001042-002,ODOO-VER-000015-031,1,Units,23,normal,Assembly,0.50,TRUE
ODOO-BOMLINE-0000323,ODOO-VER-001042-003,ODOO-VER-000004-004,1,Units,24,normal,Assembly,0.75,TRUE
ODOO-BOMLINE-0000324,ODOO-VER-001042-003,ODOO-VER-000005-004,1,Units,25,normal,Assembly,0.00,TRUE
ODOO-BOMLINE-0000325,ODOO-VER-000015-015,ODOO-VER-000010-004,1,Units,26,normal,Assembly,0.25,TRUE
ODOO-BOMLINE-0000326,ODOO-VER-001042-003,ODOO-VER-000007-004,1,Units,27,normal,Assembly,0.50,TRUE
ODOO-BOMLINE-0000327,ODOO-VER-001042-003,ODOO-VER-000011-004,2,Units,28,normal,Assembly,0.75,TRUE
ODOO-BOMLINE-0000328,ODOO-VER-001042-003,ODOO-VER-000015-031,1,Units,29,normal,Assembly,0.00,TRUE
ODOO-BOMLINE-0000329,ODOO-VER-001043-001,ODOO-VER-000004-004,1,Units,30,normal,Assembly,0.25,TRUE
ODOO-BOMLINE-0000330,ODOO-VER-001043-001,ODOO-VER-000005-004,1,Units,31,normal,Assembly,0.50,TRUE
ODOO-BOMLINE-0000331,ODOO-VER-001043-001,ODOO-VER-000007-004,1,Units,32,normal,Assembly,0.75,TRUE
ODOO-BOMLINE-0000332,ODOO-VER-001043-001,ODOO-VER-000011-004,2,Units,33,normal,Assembly,0.00,TRUE
ODOO-BOMLINE-0000333,ODOO-VER-001043-001,ODOO-VER-000015-031,1,Units,34,normal,Assembly,0.25,TRUE
ODOO-BOMLINE-0000334,ODOO-VER-001044-002,ODOO-VER-000004-004,1,Units,35,normal,Assembly,0.50,TRUE
ODOO-BOMLINE-0000335,ODOO-VER-001044-002,ODOO-VER-000005-004,1,Units,36,normal,Assembly,0.75,TRUE
ODOO-BOMLINE-0000336,ODOO-VER-000015-015,ODOO-VER-000012-004,1,Units,37,normal,Assembly,0.00,TRUE
ODOO-BOMLINE-0000337,ODOO-VER-001044-002,ODOO-VER-000007-004,1,Units,38,normal,Assembly,0.25,TRUE
ODOO-BOMLINE-0000338,ODOO-VER-001044-002,ODOO-VER-000011-004,2,Units,39,normal,Assembly,0.50,TRUE
ODOO-BOMLINE-0000339,ODOO-VER-001044-002,ODOO-VER-000015-031,1,Units,40,normal,Assembly,0.75,TRUE
ODOO-BOMLINE-0000340,ODOO-VER-001044-003,ODOO-VER-000004-004,1,Units,41,normal,Assembly,0.00,TRUE
ODOO-BOMLINE-0000341,ODOO-VER-001044-003,ODOO-VER-000005-004,1,Units,42,normal,Assembly,0.25,TRUE
ODOO-BOMLINE-0000342,ODOO-VER-001044-003,ODOO-VER-000007-004,1,Units,43,normal,Assembly,0.50,TRUE
ODOO-BOMLINE-0000343,ODOO-VER-001044-003,ODOO-VER-000011-004,2,Units,44,normal,Assembly,0.75,TRUE
ODOO-BOMLINE-0000344,ODOO-VER-001044-003,ODOO-VER-000015-031,1,Units,45,normal,Assembly,0.00,TRUE
ODOO-BOMLINE-0000345,ODOO-VER-000015-016,ODOO-VER-000002-006,1,Units,46,normal,Assembly,0.25,TRUE
ODOO-BOMLINE-0000346,ODOO-VER-000015-016,ODOO-VER-000006-005,1,Units,47,normal,Assembly,0.50,TRUE
ODOO-BOMLINE-0000347,ODOO-VER-000015-016,ODOO-VER-000008-005,1,Units,48,normal,Assembly,0.75,TRUE
ODOO-BOMLINE-0000348,ODOO-VER-000015-016,ODOO-VER-000009-004,1,Units,49,normal,Assembly,0.00,TRUE
ODOO-BOMLINE-0000349,ODOO-VER-000015-016,ODOO-VER-000010-004,1,Units,50,normal,Assembly,0.25,TRUE
ODOO-BOMLINE-0000350,ODOO-VER-000015-016,ODOO-VER-000012-004,1,Units,51,normal,Assembly,0.50,TRUE
ODOO-BOMLINE-0000351,ODOO-VER-000015-017,ODOO-VER-000002-006,1,Units,52,normal,Assembly,0.75,TRUE
ODOO-BOMLINE-0000352,ODOO-VER-000015-017,ODOO-VER-000006-005,1,Units,53,normal,Assembly,0.00,TRUE
ODOO-BOMLINE-0000353,ODOO-VER-000015-017,ODOO-VER-000008-005,1,Units,54,normal,Assembly,0.25,TRUE
ODOO-BOMLINE-0000354,ODOO-VER-000015-017,ODOO-VER-000009-004,1,Units,55,normal,Assembly,0.50,TRUE
ODOO-BOMLINE-0000355,ODOO-VER-000015-017,ODOO-VER-000010-004,1,Units,56,normal,Assembly,0.75,TRUE
ODOO-BOMLINE-0000356,ODOO-VER-000015-017,ODOO-VER-000012-004,1,Units,57,normal,Assembly,0.00,TRUE
ODOO-BOMLINE-0000357,ODOO-VER-000015-018,ODOO-VER-000002-006,1,Units,58,normal,Assembly,0.25,TRUE
ODOO-BOMLINE-0000358,ODOO-VER-000015-018,ODOO-VER-000006-005,1,Units,59,normal,Assembly,0.50,TRUE
ODOO-BOMLINE-0000359,ODOO-VER-000015-018,ODOO-VER-000008-005,1,Units,60,normal,Assembly,0.75,TRUE
ODOO-BOMLINE-0000360,ODOO-VER-000015-018,ODOO-VER-000009-004,1,Units,61,normal,Assembly,0.00,TRUE
ODOO-BOMLINE-0000361,ODOO-VER-000015-018,ODOO-VER-000010-004,1,Units,62,normal,Assembly,0.25,TRUE
ODOO-BOMLINE-0000362,ODOO-VER-000015-018,ODOO-VER-000012-004,1,Units,63,normal,Assembly,0.50,TRUE
ODOO-BOMLINE-0000363,ODOO-VER-000015-019,ODOO-VER-000002-006,1,Units,64,normal,Assembly,0.75,TRUE
ODOO-BOMLINE-0000364,ODOO-VER-000015-019,ODOO-VER-000006-005,1,Units,65,normal,Assembly,0.00,TRUE
ODOO-BOMLINE-0000365,ODOO-VER-000015-019,ODOO-VER-000008-005,1,Units,66,normal,Assembly,0.25,TRUE
ODOO-BOMLINE-0000366,ODOO-VER-000015-019,ODOO-VER-000009-004,1,Units,67,normal,Assembly,0.50,TRUE
ODOO-BOMLINE-0000367,ODOO-VER-000015-019,ODOO-VER-000010-004,1,Units,68,normal,Assembly,0.75,TRUE
ODOO-BOMLINE-0000368,ODOO-VER-000015-019,ODOO-VER-000012-004,1,Units,69,normal,Assembly,0.00,TRUE
ODOO-BOMLINE-0000369,ODOO-VER-000003-011,ODOO-VER-000013-005,1,Units,70,normal,Assembly,0.25,TRUE
ODOO-BOMLINE-0000370,ODOO-VER-000003-012,ODOO-VER-000013-005,1,Units,71,normal,Assembly,0.50,TRUE
ODOO-BOMLINE-0000371,ODOO-VER-002043-002,ODOO-VER-000013-005,1,Units,72,normal,Assembly,0.75,TRUE
ODOO-BOMLINE-0000372,ODOO-VER-002043-003,ODOO-VER-000013-005,1,Units,73,normal,Assembly,0.00,TRUE
ODOO-BOMLINE-0000373,ODOO-VER-002043-004,ODOO-VER-000013-005,1,Units,74,normal,Assembly,0.25,TRUE
ODOO-BOMLINE-0000374,ODOO-VER-002043-005,ODOO-VER-000013-005,1,Units,75,normal,Assembly,0.50,TRUE
ODOO-BOMLINE-0000375,ODOO-VER-002043-006,ODOO-VER-000013-005,1,Units,76,normal,Assembly,0.75,TRUE
ODOO-BOMLINE-0000376,ODOO-VER-002043-007,ODOO-VER-000013-005,1,Units,77,normal,Assembly,0.00,TRUE
ODOO-BOMLINE-0000377,ODOO-VER-002043-008,ODOO-VER-000013-005,1,Units,78,normal,Assembly,0.25,TRUE
ODOO-BOMLINE-0000378,ODOO-VER-002043-009,ODOO-VER-000013-005,1,Units,79,normal,Assembly,0.50,TRUE
ODOO-BOMLINE-0000379,ODOO-VER-002043-010,ODOO-VER-000013-005,1,Units,80,normal,Assembly,0.75,TRUE
ODOO-BOMLINE-0000380,ODOO-VER-002043-011,ODOO-VER-000013-005,1,Units,81,normal,Assembly,0.00,TRUE
ODOO-BOMLINE-0000381,ODOO-VER-002043-012,ODOO-VER-000013-005,1,Units,82,normal,Assembly,0.25,TRUE
ODOO-BOMLINE-0000382,ODOO-VER-002043-013,ODOO-VER-000013-005,1,Units,83,normal,Assembly,0.50,TRUE
ODOO-BOMLINE-0000383,ODOO-VER-002043-014,ODOO-VER-000013-005,1,Units,84,normal,Assembly,0.75,TRUE
ODOO-BOMLINE-0000384,ODOO-VER-002043-015,ODOO-VER-000013-005,1,Units,85,normal,Assembly,0.00,TRUE
ODOO-BOMLINE-0000385,ODOO-VER-002043-016,ODOO-VER-000013-005,1,Units,86,normal,Assembly,0.25,TRUE
ODOO-BOMLINE-0000386,ODOO-VER-002061-002,ODOO-VER-000013-005,1,Units,87,normal,Assembly,0.50,TRUE
ODOO-BOMLINE-0000387,ODOO-VER-002061-003,ODOO-VER-000013-005,1,Units,88,normal,Assembly,0.75,TRUE
ODOO-BOMLINE-0000388,ODOO-VER-002061-004,ODOO-VER-000013-005,1,Units,89,normal,Assembly,0.00,TRUE
ODOO-BOMLINE-0000389,ODOO-VER-002061-005,ODOO-VER-000013-005,1,Units,90,normal,Assembly,0.25,TRUE
ODOO-BOMLINE-0000390,ODOO-VER-002063-006,ODOO-VER-000002-016,1,Units,91,normal,Assembly,0.50,TRUE
ODOO-BOMLINE-0000391,ODOO-VER-002063-006,ODOO-VER-001032-005,1,Units,92,normal,Assembly,0.75,TRUE
ODOO-BOMLINE-0000392,ODOO-VER-002063-006,ODOO-VER-002043-016,1,Units,93,normal,Assembly,0.00,TRUE
ODOO-BOMLINE-0000393,ODOO-VER-002043-017,ODOO-VER-000013-006,1,Units,94,normal,Assembly,0.25,TRUE
ODOO-BOMLINE-0000394,ODOO-VER-002063-007,ODOO-VER-000002-017,1,Units,95,normal,Assembly,0.50,TRUE
ODOO-BOMLINE-0000395,ODOO-VER-002063-007,ODOO-VER-001032-005,1,Units,96,normal,Assembly,0.75,TRUE
ODOO-BOMLINE-0000396,ODOO-VER-002063-007,ODOO-VER-002043-017,1,Units,97,normal,Assembly,0.00,TRUE
ODOO-BOMLINE-0000397,ODOO-VER-002043-018,ODOO-VER-000013-006,1,Units,98,normal,Assembly,0.25,TRUE
ODOO-BOMLINE-0000398,ODOO-VER-002043-019,ODOO-VER-000013-006,1,Units,99,normal,Assembly,0.50,TRUE
ODOO-BOMLINE-0000399,ODOO-VER-002063-008,ODOO-VER-000002-019,1,Units,100,normal,Assembly,0.75,TRUE
ODOO-BOMLINE-0000400,ODOO-VER-002063-008,ODOO-VER-001032-005,1,Units,1,normal,Assembly,0.00,TRUE
ODOO-BOMLINE-0000401,ODOO-VER-002063-008,ODOO-VER-002043-019,1,Units,2,normal,Assembly,0.25,TRUE
ODOO-BOMLINE-0000402,ODOO-VER-002043-020,ODOO-VER-000013-006,1,Units,3,normal,Assembly,0.50,TRUE
ODOO-BOMLINE-0000403,ODOO-VER-002063-009,ODOO-VER-000002-021,1,Units,4,normal,Assembly,0.75,TRUE
ODOO-BOMLINE-0000404,ODOO-VER-002063-009,ODOO-VER-001032-005,1,Units,5,normal,Assembly,0.00,TRUE
ODOO-BOMLINE-0000405,ODOO-VER-002063-009,ODOO-VER-002043-020,1,Units,6,normal,Assembly,0.25,TRUE
ODOO-BOMLINE-0000406,ODOO-VER-000003-013,ODOO-VER-000013-006,1,Units,7,normal,Assembly,0.50,TRUE
ODOO-BOMLINE-0000407,ODOO-VER-002080-001,ODOO-VER-000013-006,1,Units,8,normal,Assembly,0.75,TRUE
ODOO-BOMLINE-0000408,ODOO-VER-002083-002,ODOO-VER-000013-006,1,Units,9,normal,Assembly,0.00,TRUE
ODOO-BOMLINE-0000409,ODOO-VER-002090-002,ODOO-VER-000013-006,1,Units,10,normal,Assembly,0.25,TRUE
ODOO-BOMLINE-0000410,ODOO-VER-002090-003,ODOO-VER-000013-006,1,Units,11,normal,Assembly,0.50,TRUE
ODOO-BOMLINE-0000411,ODOO-VER-002063-010,ODOO-VER-000002-021,1,Units,12,normal,Assembly,0.75,TRUE
ODOO-BOMLINE-0000412,ODOO-VER-002063-010,ODOO-VER-001032-005,1,Units,13,normal,Assembly,0.00,TRUE
ODOO-BOMLINE-0000413,ODOO-VER-002063-010,ODOO-VER-002043-020,1,Units,14,normal,Assembly,0.25,TRUE
ODOO-BOMLINE-0000414,ODOO-VER-002093-002,ODOO-VER-000002-021,1,Units,15,normal,Assembly,0.50,TRUE
ODOO-BOMLINE-0000415,ODOO-VER-002093-002,ODOO-VER-001032-005,1,Units,16,normal,Assembly,0.75,TRUE
ODOO-BOMLINE-0000416,ODOO-VER-002093-002,ODOO-VER-002043-020,1,Units,17,normal,Assembly,0.00,TRUE
ODOO-BOMLINE-0000417,ODOO-VER-002093-003,ODOO-VER-000002-021,1,Units,18,normal,Assembly,0.25,TRUE
ODOO-BOMLINE-0000418,ODOO-VER-002093-003,ODOO-VER-001032-005,1,Units,19,normal,Assembly,0.50,TRUE
ODOO-BOMLINE-0000419,ODOO-VER-002093-003,ODOO-VER-002043-020,1,Units,20,normal,Assembly,0.75,TRUE
ODOO-BOMLINE-0000420,ODOO-VER-002093-004,ODOO-VER-000002-021,1,Units,21,normal,Assembly,0.00,TRUE
ODOO-BOMLINE-0000421,ODOO-VER-002093-004,ODOO-VER-001032-005,1,Units,22,normal,Assembly,0.25,TRUE
ODOO-BOMLINE-0000422,ODOO-VER-002093-004,ODOO-VER-002043-020,1,Units,23,normal,Assembly,0.50,TRUE
ODOO-BOMLINE-0000423,ODOO-VER-002093-005,ODOO-VER-000002-021,1,Units,24,normal,Assembly,0.75,TRUE
ODOO-BOMLINE-0000424,ODOO-VER-002093-005,ODOO-VER-001032-005,1,Units,25,normal,Assembly,0.00,TRUE
ODOO-BOMLINE-0000425,ODOO-VER-002093-005,ODOO-VER-002043-020,1,Units,26,normal,Assembly,0.25,TRUE
ODOO-BOMLINE-0000426,ODOO-VER-002093-006,ODOO-VER-000002-021,1,Units,27,normal,Assembly,0.50,TRUE
ODOO-BOMLINE-0000427,ODOO-VER-002093-006,ODOO-VER-001032-005,1,Units,28,normal,Assembly,0.75,TRUE
ODOO-BOMLINE-0000428,ODOO-VER-002093-006,ODOO-VER-002043-020,1,Units,29,normal,Assembly,0.00,TRUE
ODOO-BOMLINE-0000429,ODOO-VER-002093-007,ODOO-VER-000002-021,1,Units,30,normal,Assembly,0.25,TRUE
ODOO-BOMLINE-0000430,ODOO-VER-002093-007,ODOO-VER-001032-005,1,Units,31,normal,Assembly,0.50,TRUE
ODOO-BOMLINE-0000431,ODOO-VER-002093-007,ODOO-VER-002043-020,1,Units,32,normal,Assembly,0.75,TRUE
ODOO-BOMLINE-0000432,ODOO-VER-002093-008,ODOO-VER-000002-021,1,Units,33,normal,Assembly,0.00,TRUE
ODOO-BOMLINE-0000433,ODOO-VER-002093-008,ODOO-VER-001032-005,1,Units,34,normal,Assembly,0.25,TRUE
ODOO-BOMLINE-0000434,ODOO-VER-002093-008,ODOO-VER-002043-020,1,Units,35,normal,Assembly,0.50,TRUE
ODOO-BOMLINE-0000435,ODOO-VER-002061-006,ODOO-VER-000013-006,1,Units,36,normal,Assembly,0.75,TRUE
ODOO-BOMLINE-0000436,ODOO-VER-002093-009,ODOO-VER-000002-022,1,Units,37,normal,Assembly,0.00,TRUE
ODOO-BOMLINE-0000437,ODOO-VER-002093-009,ODOO-VER-001032-007,1,Units,38,normal,Assembly,0.25,TRUE
ODOO-BOMLINE-0000438,ODOO-VER-002093-009,ODOO-VER-002043-020,1,Units,39,normal,Assembly,0.50,TRUE
ODOO-BOMLINE-0000439,ODOO-VER-002093-010,ODOO-VER-000002-022,1,Units,40,normal,Assembly,0.75,TRUE
ODOO-BOMLINE-0000440,ODOO-VER-002093-010,ODOO-VER-001032-007,1,Units,41,normal,Assembly,0.00,TRUE
ODOO-BOMLINE-0000441,ODOO-VER-002093-010,ODOO-VER-002043-020,1,Units,42,normal,Assembly,0.25,TRUE
ODOO-BOMLINE-0000442,ODOO-VER-002063-011,ODOO-VER-000002-022,1,Units,43,normal,Assembly,0.50,TRUE
ODOO-BOMLINE-0000443,ODOO-VER-002063-011,ODOO-VER-001032-007,1,Units,44,normal,Assembly,0.75,TRUE
ODOO-BOMLINE-0000444,ODOO-VER-002063-011,ODOO-VER-002043-020,1,Units,45,normal,Assembly,0.00,TRUE
ODOO-BOMLINE-0000445,ODOO-VER-002063-012,ODOO-VER-000002-022,1,Units,46,normal,Assembly,0.25,TRUE
ODOO-BOMLINE-0000446,ODOO-VER-002063-012,ODOO-VER-001032-007,1,Units,47,normal,Assembly,0.50,TRUE
ODOO-BOMLINE-0000447,ODOO-VER-002063-012,ODOO-VER-002043-020,1,Units,48,normal,Assembly,0.75,TRUE
ODOO-BOMLINE-0000448,ODOO-VER-002095-002,ODOO-VER-000002-022,1,Units,49,normal,Assembly,0.00,TRUE
ODOO-BOMLINE-0000449,ODOO-VER-002095-002,ODOO-VER-001032-007,1,Units,50,normal,Assembly,0.25,TRUE
ODOO-BOMLINE-0000450,ODOO-VER-002095-002,ODOO-VER-002043-020,1,Units,51,normal,Assembly,0.50,TRUE
ODOO-BOMLINE-0000451,ODOO-VER-002095-003,ODOO-VER-000002-022,1,Units,52,normal,Assembly,0.75,TRUE
ODOO-BOMLINE-0000452,ODOO-VER-002095-003,ODOO-VER-001032-007,1,Units,53,normal,Assembly,0.00,TRUE
ODOO-BOMLINE-0000453,ODOO-VER-002095-003,ODOO-VER-002043-020,1,Units,54,normal,Assembly,0.25,TRUE
ODOO-BOMLINE-0000454,ODOO-VER-002095-004,ODOO-VER-000002-022,1,Units,55,normal,Assembly,0.50,TRUE
ODOO-BOMLINE-0000455,ODOO-VER-002095-004,ODOO-VER-001032-007,1,Units,56,normal,Assembly,0.75,TRUE
ODOO-BOMLINE-0000456,ODOO-VER-002095-004,ODOO-VER-002043-020,1,Units,57,normal,Assembly,0.00,TRUE
ODOO-BOMLINE-0000457,ODOO-VER-002097-002,ODOO-VER-000013-006,1,Units,58,normal,Assembly,0.25,TRUE
ODOO-BOMLINE-0000458,ODOO-VER-002097-003,ODOO-VER-000013-006,1,Units,59,normal,Assembly,0.50,TRUE
ODOO-BOMLINE-0000459,ODOO-VER-002100-002,ODOO-VER-000013-006,1,Units,60,normal,Assembly,0.75,TRUE
ODOO-BOMLINE-0000460,ODOO-VER-002100-003,ODOO-VER-000013-006,1,Units,61,normal,Assembly,0.00,TRUE
ODOO-BOMLINE-0000461,ODOO-VER-002104-002,ODOO-VER-000013-006,1,Units,62,normal,Assembly,0.25,TRUE
ODOO-BOMLINE-0000462,ODOO-VER-002104-003,ODOO-VER-000013-006,1,Units,63,normal,Assembly,0.50,TRUE
ODOO-BOMLINE-0000463,ODOO-VER-002104-004,ODOO-VER-000013-006,1,Units,64,normal,Assembly,0.75,TRUE
ODOO-BOMLINE-0000464,ODOO-VER-002107-002,ODOO-VER-000013-006,1,Units,65,normal,Assembly,0.00,TRUE
ODOO-BOMLINE-0000465,ODOO-VER-002107-003,ODOO-VER-000013-006,1,Units,66,normal,Assembly,0.25,TRUE
ODOO-BOMLINE-0000466,ODOO-VER-002107-004,ODOO-VER-000013-006,1,Units,67,normal,Assembly,0.50,TRUE
ODOO-BOMLINE-0000467,ODOO-VER-002110-002,ODOO-VER-000002-022,1,Units,68,normal,Assembly,0.75,TRUE
ODOO-BOMLINE-0000468,ODOO-VER-002110-002,ODOO-VER-001032-007,1,Units,69,normal,Assembly,0.00,TRUE
ODOO-BOMLINE-0000469,ODOO-VER-002110-002,ODOO-VER-002043-020,1,Units,70,normal,Assembly,0.25,TRUE
ODOO-BOMLINE-0000470,ODOO-VER-002110-003,ODOO-VER-000002-022,1,Units,71,normal,Assembly,0.50,TRUE
ODOO-BOMLINE-0000471,ODOO-VER-002110-003,ODOO-VER-001032-007,1,Units,72,normal,Assembly,0.75,TRUE
ODOO-BOMLINE-0000472,ODOO-VER-002110-003,ODOO-VER-002043-020,1,Units,73,normal,Assembly,0.00,TRUE
ODOO-BOMLINE-0000473,ODOO-VER-002112-002,ODOO-VER-000002-022,1,Units,74,normal,Assembly,0.25,TRUE
ODOO-BOMLINE-0000474,ODOO-VER-002112-002,ODOO-VER-001032-007,1,Units,75,normal,Assembly,0.50,TRUE
ODOO-BOMLINE-0000475,ODOO-VER-002112-002,ODOO-VER-002043-020,1,Units,76,normal,Assembly,0.75,TRUE
ODOO-BOMLINE-0000476,ODOO-VER-002112-003,ODOO-VER-000002-022,1,Units,77,normal,Assembly,0.00,TRUE
ODOO-BOMLINE-0000477,ODOO-VER-002112-003,ODOO-VER-001032-007,1,Units,78,normal,Assembly,0.25,TRUE
ODOO-BOMLINE-0000478,ODOO-VER-002112-003,ODOO-VER-002043-020,1,Units,79,normal,Assembly,0.50,TRUE
ODOO-BOMLINE-0000479,ODOO-VER-002112-004,ODOO-VER-000002-022,1,Units,80,normal,Assembly,0.75,TRUE
ODOO-BOMLINE-0000480,ODOO-VER-002112-004,ODOO-VER-001032-007,1,Units,81,normal,Assembly,0.00,TRUE
ODOO-BOMLINE-0000481,ODOO-VER-002112-004,ODOO-VER-002043-020,1,Units,82,normal,Assembly,0.25,TRUE
ODOO-BOMLINE-0000482,ODOO-VER-002114-002,ODOO-VER-000002-022,1,Units,83,normal,Assembly,0.50,TRUE
ODOO-BOMLINE-0000483,ODOO-VER-002114-002,ODOO-VER-001032-007,1,Units,84,normal,Assembly,0.75,TRUE
ODOO-BOMLINE-0000484,ODOO-VER-002114-002,ODOO-VER-002043-020,1,Units,85,normal,Assembly,0.00,TRUE
ODOO-BOMLINE-0000485,ODOO-VER-002114-003,ODOO-VER-000002-022,1,Units,86,normal,Assembly,0.25,TRUE
ODOO-BOMLINE-0000486,ODOO-VER-002114-003,ODOO-VER-001032-007,1,Units,87,normal,Assembly,0.50,TRUE
ODOO-BOMLINE-0000487,ODOO-VER-002114-003,ODOO-VER-002043-020,1,Units,88,normal,Assembly,0.75,TRUE
ODOO-BOMLINE-0000488,ODOO-VER-002104-005,ODOO-VER-000013-006,1,Units,89,normal,Assembly,0.00,TRUE
ODOO-BOMLINE-0000489,ODOO-VER-002093-011,ODOO-VER-000002-022,1,Units,90,normal,Assembly,0.25,TRUE
ODOO-BOMLINE-0000490,ODOO-VER-002093-011,ODOO-VER-001032-007,1,Units,91,normal,Assembly,0.50,TRUE
ODOO-BOMLINE-0000491,ODOO-VER-002093-011,ODOO-VER-002043-020,1,Units,92,normal,Assembly,0.75,TRUE
ODOO-BOMLINE-0000492,ODOO-VER-002097-004,ODOO-VER-000013-006,1,Units,93,normal,Assembly,0.00,TRUE
ODOO-BOMLINE-0000493,ODOO-VER-002117-002,ODOO-VER-000013-006,1,Units,94,normal,Assembly,0.25,TRUE
ODOO-BOMLINE-0000494,ODOO-VER-002116-002,ODOO-VER-000013-006,1,Units,95,normal,Assembly,0.50,TRUE
ODOO-BOMLINE-0000495,ODOO-VER-002118-002,ODOO-VER-000013-006,1,Units,96,normal,Assembly,0.75,TRUE
ODOO-BOMLINE-0000496,ODOO-VER-002117-003,ODOO-VER-000013-006,1,Units,97,normal,Assembly,0.00,TRUE
ODOO-BOMLINE-0000497,ODOO-VER-002118-003,ODOO-VER-000013-006,1,Units,98,normal,Assembly,0.25,TRUE
ODOO-BOMLINE-0000498,ODOO-VER-002100-004,ODOO-VER-000013-006,1,Units,99,normal,Assembly,0.50,TRUE
ODOO-BOMLINE-0000499,ODOO-VER-002100-005,ODOO-VER-000013-006,1,Units,100,normal,Assembly,0.75,TRUE
ODOO-BOMLINE-0000500,ODOO-VER-002132-002,ODOO-VER-000013-006,1,Units,1,normal,Assembly,0.00,TRUE
ODOO-BOMLINE-0000501,ODOO-VER-002132-003,ODOO-VER-000013-006,1,Units,2,normal,Assembly,0.25,TRUE
ODOO-BOMLINE-0000502,ODOO-VER-002090-004,ODOO-VER-000013-006,1,Units,3,normal,Assembly,0.50,TRUE
ODOO-BOMLINE-0000503,ODOO-VER-002090-005,ODOO-VER-000013-006,1,Units,4,normal,Assembly,0.75,TRUE
ODOO-BOMLINE-0000504,ODOO-VER-002132-004,ODOO-VER-000013-006,1,Units,5,normal,Assembly,0.00,TRUE
ODOO-BOMLINE-0000505,ODOO-VER-002118-004,ODOO-VER-000013-010,1,Units,6,normal,Assembly,0.25,TRUE
ODOO-BOMLINE-0000506,ODOO-VER-002138-002,ODOO-VER-000002-022,1,Units,7,normal,Assembly,0.50,TRUE
ODOO-BOMLINE-0000507,ODOO-VER-002138-002,ODOO-VER-001032-007,1,Units,8,normal,Assembly,0.75,TRUE
ODOO-BOMLINE-0000508,ODOO-VER-002138-002,ODOO-VER-002043-020,1,Units,9,normal,Assembly,0.00,TRUE
ODOO-BOMLINE-0000509,ODOO-VER-002138-003,ODOO-VER-000002-022,1,Units,10,normal,Assembly,0.25,TRUE
ODOO-BOMLINE-0000510,ODOO-VER-002138-003,ODOO-VER-001032-007,1,Units,11,normal,Assembly,0.50,TRUE
ODOO-BOMLINE-0000511,ODOO-VER-002138-003,ODOO-VER-002043-020,1,Units,12,normal,Assembly,0.75,TRUE
ODOO-BOMLINE-0000512,ODOO-VER-002138-004,ODOO-VER-000002-022,1,Units,13,normal,Assembly,0.00,TRUE
ODOO-BOMLINE-0000513,ODOO-VER-002138-004,ODOO-VER-001032-007,1,Units,14,normal,Assembly,0.25,TRUE
ODOO-BOMLINE-0000514,ODOO-VER-002138-004,ODOO-VER-002043-020,1,Units,15,normal,Assembly,0.50,TRUE
ODOO-BOMLINE-0000515,ODOO-VER-002140-002,ODOO-VER-000002-022,1,Units,16,normal,Assembly,0.75,TRUE
ODOO-BOMLINE-0000516,ODOO-VER-002140-002,ODOO-VER-001032-007,1,Units,17,normal,Assembly,0.00,TRUE
ODOO-BOMLINE-0000517,ODOO-VER-002140-002,ODOO-VER-002043-020,1,Units,18,normal,Assembly,0.25,TRUE
ODOO-BOMLINE-0000518,ODOO-VER-002140-003,ODOO-VER-000002-022,1,Units,19,normal,Assembly,0.50,TRUE
ODOO-BOMLINE-0000519,ODOO-VER-002140-003,ODOO-VER-001032-007,1,Units,20,normal,Assembly,0.75,TRUE
ODOO-BOMLINE-0000520,ODOO-VER-002140-003,ODOO-VER-002043-020,1,Units,21,normal,Assembly,0.00,TRUE
ODOO-BOMLINE-0000521,ODOO-VER-002140-004,ODOO-VER-000002-022,1,Units,22,normal,Assembly,0.25,TRUE
ODOO-BOMLINE-0000522,ODOO-VER-002140-004,ODOO-VER-001032-007,1,Units,23,normal,Assembly,0.50,TRUE
ODOO-BOMLINE-0000523,ODOO-VER-002140-004,ODOO-VER-002043-020,1,Units,24,normal,Assembly,0.75,TRUE
ODOO-BOMLINE-0000524,ODOO-VER-002142-002,ODOO-VER-000002-022,1,Units,25,normal,Assembly,0.00,TRUE
ODOO-BOMLINE-0000525,ODOO-VER-002142-002,ODOO-VER-001032-007,1,Units,26,normal,Assembly,0.25,TRUE
ODOO-BOMLINE-0000526,ODOO-VER-002142-002,ODOO-VER-002043-020,1,Units,27,normal,Assembly,0.50,TRUE
ODOO-BOMLINE-0000527,ODOO-VER-002142-003,ODOO-VER-000002-022,1,Units,28,normal,Assembly,0.75,TRUE
ODOO-BOMLINE-0000528,ODOO-VER-002142-003,ODOO-VER-001032-007,1,Units,29,normal,Assembly,0.00,TRUE
ODOO-BOMLINE-0000529,ODOO-VER-002142-003,ODOO-VER-002043-020,1,Units,30,normal,Assembly,0.25,TRUE
ODOO-BOMLINE-0000530,ODOO-VER-002144-002,ODOO-VER-000002-022,1,Units,31,normal,Assembly,0.50,TRUE
ODOO-BOMLINE-0000531,ODOO-VER-002144-002,ODOO-VER-001032-007,1,Units,32,normal,Assembly,0.75,TRUE
ODOO-BOMLINE-0000532,ODOO-VER-002144-002,ODOO-VER-002043-020,1,Units,33,normal,Assembly,0.00,TRUE
ODOO-BOMLINE-0000533,ODOO-VER-002144-003,ODOO-VER-000002-022,1,Units,34,normal,Assembly,0.25,TRUE
ODOO-BOMLINE-0000534,ODOO-VER-002144-003,ODOO-VER-001032-007,1,Units,35,normal,Assembly,0.50,TRUE
ODOO-BOMLINE-0000535,ODOO-VER-002144-003,ODOO-VER-002043-020,1,Units,36,normal,Assembly,0.75,TRUE
ODOO-BOMLINE-0000536,ODOO-VER-002147-002,ODOO-VER-000004-004,1,Units,37,normal,Assembly,0.00,TRUE
ODOO-BOMLINE-0000537,ODOO-VER-002147-002,ODOO-VER-000005-008,1,Units,38,normal,Assembly,0.25,TRUE
ODOO-BOMLINE-0000538,ODOO-VER-002147-002,ODOO-VER-000007-004,1,Units,39,normal,Assembly,0.50,TRUE
ODOO-BOMLINE-0000539,ODOO-VER-002147-002,ODOO-VER-000011-004,2,Units,40,normal,Assembly,0.75,TRUE
ODOO-BOMLINE-0000540,ODOO-VER-002147-002,ODOO-VER-000015-031,1,Units,41,normal,Assembly,0.00,TRUE
ODOO-BOMLINE-0000541,ODOO-VER-002147-003,ODOO-VER-000004-004,1,Units,42,normal,Assembly,0.25,TRUE
ODOO-BOMLINE-0000542,ODOO-VER-002147-003,ODOO-VER-000005-008,1,Units,43,normal,Assembly,0.50,TRUE
ODOO-BOMLINE-0000543,ODOO-VER-002147-003,ODOO-VER-000007-004,1,Units,44,normal,Assembly,0.75,TRUE
ODOO-BOMLINE-0000544,ODOO-VER-002147-003,ODOO-VER-000011-004,2,Units,45,normal,Assembly,0.00,TRUE
ODOO-BOMLINE-0000545,ODOO-VER-002147-003,ODOO-VER-000015-031,1,Units,46,normal,Assembly,0.25,TRUE
ODOO-BOMLINE-0000546,ODOO-VER-002147-004,ODOO-VER-000004-004,1,Units,47,normal,Assembly,0.50,TRUE
ODOO-BOMLINE-0000547,ODOO-VER-002147-004,ODOO-VER-000005-008,1,Units,48,normal,Assembly,0.75,TRUE
ODOO-BOMLINE-0000548,ODOO-VER-002147-004,ODOO-VER-000007-004,1,Units,49,normal,Assembly,0.00,TRUE
ODOO-BOMLINE-0000549,ODOO-VER-002147-004,ODOO-VER-000011-004,2,Units,50,normal,Assembly,0.25,TRUE
ODOO-BOMLINE-0000550,ODOO-VER-002147-004,ODOO-VER-000015-031,1,Units,51,normal,Assembly,0.50,TRUE
ODOO-BOMLINE-0000551,ODOO-VER-002148-002,ODOO-VER-000015-031,1,Units,52,normal,Assembly,0.75,TRUE
ODOO-BOMLINE-0000552,ODOO-VER-002148-003,ODOO-VER-000015-031,1,Units,53,normal,Assembly,0.00,TRUE
ODOO-BOMLINE-0000553,ODOO-VER-002148-004,ODOO-VER-000015-031,1,Units,54,normal,Assembly,0.25,TRUE
ODOO-BOMLINE-0000554,ODOO-VER-002063-013,ODOO-VER-000002-022,1,Units,55,normal,Assembly,0.50,TRUE
ODOO-BOMLINE-0000555,ODOO-VER-002063-013,ODOO-VER-001032-007,1,Units,56,normal,Assembly,0.75,TRUE
ODOO-BOMLINE-0000556,ODOO-VER-002063-013,ODOO-VER-002043-020,1,Units,57,normal,Assembly,0.00,TRUE
ODOO-BOMLINE-0000557,ODOO-VER-002063-014,ODOO-VER-000002-022,1,Units,58,normal,Assembly,0.25,TRUE
ODOO-BOMLINE-0000558,ODOO-VER-002063-014,ODOO-VER-001032-007,1,Units,59,normal,Assembly,0.50,TRUE
ODOO-BOMLINE-0000559,ODOO-VER-002063-014,ODOO-VER-002043-021,1,Units,60,normal,Assembly,0.75,TRUE
ODOO-BOMLINE-0000560,ODOO-VER-002095-005,ODOO-VER-000002-022,1,Units,61,normal,Assembly,0.00,TRUE
ODOO-BOMLINE-0000561,ODOO-VER-002095-005,ODOO-VER-001032-007,1,Units,62,normal,Assembly,0.25,TRUE
ODOO-BOMLINE-0000562,ODOO-VER-002095-005,ODOO-VER-002043-021,1,Units,63,normal,Assembly,0.50,TRUE
ODOO-BOMLINE-0000563,ODOO-VER-002150-002,ODOO-VER-000013-010,1,Units,64,normal,Assembly,0.75,TRUE
ODOO-BOMLINE-0000564,ODOO-VER-002150-003,ODOO-VER-000013-010,1,Units,65,normal,Assembly,0.00,TRUE
ODOO-BOMLINE-0000565,ODOO-VER-002150-004,ODOO-VER-000013-010,1,Units,66,normal,Assembly,0.25,TRUE
ODOO-BOMLINE-0000566,ODOO-VER-002153-002,ODOO-VER-000013-010,1,Units,67,normal,Assembly,0.50,TRUE
ODOO-BOMLINE-0000567,ODOO-VER-002154-002,ODOO-VER-000013-010,1,Units,68,normal,Assembly,0.75,TRUE
ODOO-BOMLINE-0000568,ODOO-VER-002155-002,ODOO-VER-000013-010,1,Units,69,normal,Assembly,0.00,TRUE
ODOO-BOMLINE-0000569,ODOO-VER-002156-002,ODOO-VER-000013-010,1,Units,70,normal,Assembly,0.25,TRUE
ODOO-BOMLINE-0000570,ODOO-VER-002155-003,ODOO-VER-000013-010,1,Units,71,normal,Assembly,0.50,TRUE
ODOO-BOMLINE-0000571,ODOO-VER-002166-002,ODOO-VER-000013-010,1,Units,72,normal,Assembly,0.75,TRUE
ODOO-BOMLINE-0000572,ODOO-VER-000015-002,ODOO-VER-000002-005,1,Units,73,normal,Assembly,0.00,TRUE
ODOO-BOMLINE-0000573,ODOO-VER-002165-002,ODOO-VER-000013-010,1,Units,74,normal,Assembly,0.25,TRUE
ODOO-BOMLINE-0000574,ODOO-VER-002165-003,ODOO-VER-000013-010,1,Units,75,normal,Assembly,0.50,TRUE
ODOO-BOMLINE-0000575,ODOO-VER-001041-003,ODOO-VER-000004-004,1,Units,76,normal,Assembly,0.75,TRUE
ODOO-BOMLINE-0000576,ODOO-VER-001041-003,ODOO-VER-000005-008,1,Units,77,normal,Assembly,0.00,TRUE
ODOO-BOMLINE-0000577,ODOO-VER-001041-003,ODOO-VER-000007-004,1,Units,78,normal,Assembly,0.25,TRUE
ODOO-BOMLINE-0000578,ODOO-VER-001041-003,ODOO-VER-000011-004,2,Units,79,normal,Assembly,0.50,TRUE
ODOO-BOMLINE-0000579,ODOO-VER-001041-003,ODOO-VER-000015-031,1,Units,80,normal,Assembly,0.75,TRUE
ODOO-BOMLINE-0000580,ODOO-VER-001041-004,ODOO-VER-000004-004,1,Units,81,normal,Assembly,0.00,TRUE
ODOO-BOMLINE-0000581,ODOO-VER-001041-004,ODOO-VER-000005-008,1,Units,82,normal,Assembly,0.25,TRUE
ODOO-BOMLINE-0000582,ODOO-VER-001041-004,ODOO-VER-000007-004,1,Units,83,normal,Assembly,0.50,TRUE
ODOO-BOMLINE-0000583,ODOO-VER-001041-004,ODOO-VER-000011-004,2,Units,84,normal,Assembly,0.75,TRUE
ODOO-BOMLINE-0000584,ODOO-VER-001041-004,ODOO-VER-000015-031,1,Units,85,normal,Assembly,0.00,TRUE
ODOO-BOMLINE-0000585,ODOO-VER-002173-002,ODOO-VER-000002-022,1,Units,86,normal,Assembly,0.25,TRUE
ODOO-BOMLINE-0000586,ODOO-VER-002173-002,ODOO-VER-001032-007,1,Units,87,normal,Assembly,0.50,TRUE
ODOO-BOMLINE-0000587,ODOO-VER-002173-002,ODOO-VER-002043-021,1,Units,88,normal,Assembly,0.75,TRUE
ODOO-BOMLINE-0000588,ODOO-VER-002173-003,ODOO-VER-000002-022,1,Units,89,normal,Assembly,0.00,TRUE
ODOO-BOMLINE-0000589,ODOO-VER-002173-003,ODOO-VER-001032-007,1,Units,90,normal,Assembly,0.25,TRUE
ODOO-BOMLINE-0000590,ODOO-VER-002173-003,ODOO-VER-002043-021,1,Units,91,normal,Assembly,0.50,TRUE
ODOO-BOMLINE-0000591,ODOO-VER-001041-005,ODOO-VER-000004-004,1,Units,92,normal,Assembly,0.75,TRUE
ODOO-BOMLINE-0000592,ODOO-VER-001041-005,ODOO-VER-000005-008,1,Units,93,normal,Assembly,0.00,TRUE
ODOO-BOMLINE-0000593,ODOO-VER-001041-005,ODOO-VER-000007-004,1,Units,94,normal,Assembly,0.25,TRUE
ODOO-BOMLINE-0000594,ODOO-VER-001041-005,ODOO-VER-000011-004,2,Units,95,normal,Assembly,0.50,TRUE
ODOO-BOMLINE-0000595,ODOO-VER-001041-005,ODOO-VER-000015-031,1,Units,96,normal,Assembly,0.75,TRUE
ODOO-BOMLINE-0000596,ODOO-VER-002175-002,ODOO-VER-000002-022,1,Units,97,normal,Assembly,0.00,TRUE
ODOO-BOMLINE-0000597,ODOO-VER-002175-002,ODOO-VER-000006-006,1,Units,98,normal,Assembly,0.25,TRUE
ODOO-BOMLINE-0000598,ODOO-VER-002175-002,ODOO-VER-000008-005,1,Units,99,normal,Assembly,0.50,TRUE
ODOO-BOMLINE-0000599,ODOO-VER-002175-002,ODOO-VER-000009-005,1,Units,100,normal,Assembly,0.75,TRUE
ODOO-BOMLINE-0000600,ODOO-VER-002175-002,ODOO-VER-000010-008,1,Units,1,normal,Assembly,0.00,TRUE
ODOO-BOMLINE-0000601,ODOO-VER-002175-002,ODOO-VER-000012-006,1,Units,2,normal,Assembly,0.25,TRUE
ODOO-BOMLINE-0000602,ODOO-VER-002175-003,ODOO-VER-000002-022,1,Units,3,normal,Assembly,0.50,TRUE
ODOO-BOMLINE-0000603,ODOO-VER-002175-003,ODOO-VER-000006-006,1,Units,4,normal,Assembly,0.75,TRUE
ODOO-BOMLINE-0000604,ODOO-VER-002175-003,ODOO-VER-000008-005,1,Units,5,normal,Assembly,0.00,TRUE
ODOO-BOMLINE-0000605,ODOO-VER-002175-003,ODOO-VER-000009-005,1,Units,6,normal,Assembly,0.25,TRUE
ODOO-BOMLINE-0000606,ODOO-VER-002175-003,ODOO-VER-000010-008,1,Units,7,normal,Assembly,0.50,TRUE
ODOO-BOMLINE-0000607,ODOO-VER-002175-003,ODOO-VER-000012-006,1,Units,8,normal,Assembly,0.75,TRUE
ODOO-BOMLINE-0000608,ODOO-VER-002176-002,ODOO-VER-000002-022,1,Units,9,normal,Assembly,0.00,TRUE
ODOO-BOMLINE-0000609,ODOO-VER-002176-002,ODOO-VER-000006-006,1,Units,10,normal,Assembly,0.25,TRUE
ODOO-BOMLINE-0000610,ODOO-VER-002176-002,ODOO-VER-000008-005,1,Units,11,normal,Assembly,0.50,TRUE
ODOO-BOMLINE-0000611,ODOO-VER-002176-002,ODOO-VER-000009-005,1,Units,12,normal,Assembly,0.75,TRUE
ODOO-BOMLINE-0000612,ODOO-VER-002176-002,ODOO-VER-000010-008,1,Units,13,normal,Assembly,0.00,TRUE
ODOO-BOMLINE-0000613,ODOO-VER-002176-002,ODOO-VER-000012-006,1,Units,14,normal,Assembly,0.25,TRUE
ODOO-BOMLINE-0000614,ODOO-VER-002176-003,ODOO-VER-000002-022,1,Units,15,normal,Assembly,0.50,TRUE
ODOO-BOMLINE-0000615,ODOO-VER-002176-003,ODOO-VER-000006-006,1,Units,16,normal,Assembly,0.75,TRUE
ODOO-BOMLINE-0000616,ODOO-VER-002176-003,ODOO-VER-000008-005,1,Units,17,normal,Assembly,0.00,TRUE
ODOO-BOMLINE-0000617,ODOO-VER-002176-003,ODOO-VER-000009-005,1,Units,18,normal,Assembly,0.25,TRUE
ODOO-BOMLINE-0000618,ODOO-VER-002176-003,ODOO-VER-000010-008,1,Units,19,normal,Assembly,0.50,TRUE
ODOO-BOMLINE-0000619,ODOO-VER-002176-003,ODOO-VER-000012-006,1,Units,20,normal,Assembly,0.75,TRUE
ODOO-BOMLINE-0000620,ODOO-VER-002140-005,ODOO-VER-000002-022,1,Units,21,normal,Assembly,0.00,TRUE
ODOO-BOMLINE-0000621,ODOO-VER-002140-005,ODOO-VER-001032-007,1,Units,22,normal,Assembly,0.25,TRUE
ODOO-BOMLINE-0000622,ODOO-VER-002140-005,ODOO-VER-002043-021,1,Units,23,normal,Assembly,0.50,TRUE
ODOO-BOMLINE-0000623,ODOO-VER-002168-002,ODOO-VER-000013-010,1,Units,24,normal,Assembly,0.75,TRUE
ODOO-BOMLINE-0000624,ODOO-VER-002167-002,ODOO-VER-000013-010,1,Units,25,normal,Assembly,0.00,TRUE
ODOO-BOMLINE-0000625,ODOO-VER-002167-003,ODOO-VER-000013-010,1,Units,26,normal,Assembly,0.25,TRUE
ODOO-BOMLINE-0000626,ODOO-VER-002181-002,ODOO-VER-000013-010,1,Units,27,normal,Assembly,0.50,TRUE
ODOO-BOMLINE-0000627,ODOO-VER-002184-002,ODOO-VER-000013-010,1,Units,28,normal,Assembly,0.75,TRUE
ODOO-BOMLINE-0000628,ODOO-VER-002184-003,ODOO-VER-000013-010,1,Units,29,normal,Assembly,0.00,TRUE
ODOO-BOMLINE-0000629,ODOO-VER-002181-003,ODOO-VER-000013-010,1,Units,30,normal,Assembly,0.25,TRUE
ODOO-BOMLINE-0000630,ODOO-VER-002187-002,ODOO-VER-000013-010,1,Units,31,normal,Assembly,0.50,TRUE
ODOO-BOMLINE-0000631,ODOO-VER-002188-002,ODOO-VER-000013-010,1,Units,32,normal,Assembly,0.75,TRUE
ODOO-BOMLINE-0000632,ODOO-VER-002188-003,ODOO-VER-000013-010,1,Units,33,normal,Assembly,0.00,TRUE
ODOO-BOMLINE-0000633,ODOO-VER-002187-003,ODOO-VER-000013-010,1,Units,34,normal,Assembly,0.25,TRUE
ODOO-BOMLINE-0000634,ODOO-VER-002193-002,ODOO-VER-000013-010,1,Units,35,normal,Assembly,0.50,TRUE
ODOO-BOMLINE-0000635,ODOO-VER-002166-003,ODOO-VER-000013-010,1,Units,36,normal,Assembly,0.75,TRUE
ODOO-BOMLINE-0000636,ODOO-VER-002148-005,ODOO-VER-000015-031,1,Units,37,normal,Assembly,0.00,TRUE
ODOO-BOMLINE-0000637,ODOO-VER-000015-032,ODOO-VER-000002-022,1,Units,38,normal,Assembly,0.25,TRUE
ODOO-BOMLINE-0000638,ODOO-VER-000015-002,ODOO-VER-000006-002,1,Units,39,normal,Assembly,0.50,TRUE
ODOO-BOMLINE-0000639,ODOO-VER-000015-032,ODOO-VER-000006-006,1,Units,40,normal,Assembly,0.75,TRUE
ODOO-BOMLINE-0000640,ODOO-VER-000015-032,ODOO-VER-000008-005,1,Units,41,normal,Assembly,0.00,TRUE
ODOO-BOMLINE-0000641,ODOO-VER-000015-032,ODOO-VER-000009-005,1,Units,42,normal,Assembly,0.25,TRUE
ODOO-BOMLINE-0000642,ODOO-VER-000015-032,ODOO-VER-000010-008,1,Units,43,normal,Assembly,0.50,TRUE
ODOO-BOMLINE-0000643,ODOO-VER-000015-032,ODOO-VER-000012-006,1,Units,44,normal,Assembly,0.75,TRUE
ODOO-BOMLINE-0000644,ODOO-VER-002148-006,ODOO-VER-000015-032,1,Units,45,normal,Assembly,0.00,TRUE
ODOO-BOMLINE-0000645,ODOO-VER-002148-007,ODOO-VER-000015-032,1,Units,46,normal,Assembly,0.25,TRUE
ODOO-BOMLINE-0000646,ODOO-VER-002148-008,ODOO-VER-000015-032,1,Units,47,normal,Assembly,0.50,TRUE
ODOO-BOMLINE-0000647,ODOO-VER-002197-002,ODOO-VER-000002-022,1,Units,48,normal,Assembly,0.75,TRUE
ODOO-BOMLINE-0000648,ODOO-VER-002197-002,ODOO-VER-001032-007,1,Units,49,normal,Assembly,0.00,TRUE
ODOO-BOMLINE-0000649,ODOO-VER-002197-002,ODOO-VER-002043-021,1,Units,50,normal,Assembly,0.25,TRUE
ODOO-BOMLINE-0000650,ODOO-VER-002197-003,ODOO-VER-000002-022,1,Units,51,normal,Assembly,0.50,TRUE
ODOO-BOMLINE-0000651,ODOO-VER-002197-003,ODOO-VER-001032-007,1,Units,52,normal,Assembly,0.75,TRUE
ODOO-BOMLINE-0000652,ODOO-VER-002197-003,ODOO-VER-002043-021,1,Units,53,normal,Assembly,0.00,TRUE
ODOO-BOMLINE-0000653,ODOO-VER-000015-002,ODOO-VER-000008-002,1,Units,54,normal,Assembly,0.25,TRUE
ODOO-BOMLINE-0000654,ODOO-VER-000015-002,ODOO-VER-000009-002,1,Units,55,normal,Assembly,0.50,TRUE
ODOO-BOMLINE-0000655,ODOO-VER-000015-002,ODOO-VER-000010-002,1,Units,56,normal,Assembly,0.75,TRUE
ODOO-BOMLINE-0000656,ODOO-VER-000015-002,ODOO-VER-000012-002,1,Units,57,normal,Assembly,0.00,TRUE
ODOO-BOMLINE-0000657,ODOO-VER-000014-002,ODOO-VER-000004-004,1,Units,58,normal,Assembly,0.25,TRUE
ODOO-BOMLINE-0000658,ODOO-VER-000014-002,ODOO-VER-000005-002,1,Units,59,normal,Assembly,0.50,TRUE
ODOO-BOMLINE-0000659,ODOO-VER-000014-002,ODOO-VER-000007-002,1,Units,60,normal,Assembly,0.75,TRUE
ODOO-BOMLINE-0000660,ODOO-VER-000014-002,ODOO-VER-000011-002,2,Units,61,normal,Assembly,0.00,TRUE
ODOO-BOMLINE-0000661,ODOO-VER-000014-002,ODOO-VER-000015-002,1,Units,62,normal,Assembly,0.25,TRUE
ODOO-BOMLINE-0000662,ODOO-VER-003197-002,ODOO-VER-000002-022,1,Units,63,normal,Assembly,0.50,TRUE
ODOO-BOMLINE-0000663,ODOO-VER-003197-002,ODOO-VER-001032-007,1,Units,64,normal,Assembly,0.75,TRUE
ODOO-BOMLINE-0000664,ODOO-VER-003197-002,ODOO-VER-002043-021,1,Units,65,normal,Assembly,0.00,TRUE
ODOO-BOMLINE-0000665,ODOO-VER-003197-003,ODOO-VER-000002-022,1,Units,66,normal,Assembly,0.25,TRUE
ODOO-BOMLINE-0000666,ODOO-VER-003197-003,ODOO-VER-001032-007,1,Units,67,normal,Assembly,0.50,TRUE
ODOO-BOMLINE-0000667,ODOO-VER-003197-003,ODOO-VER-002043-021,1,Units,68,normal,Assembly,0.75,TRUE
ODOO-BOMLINE-0000668,ODOO-VER-003197-004,ODOO-VER-000002-022,1,Units,69,normal,Assembly,0.00,TRUE
ODOO-BOMLINE-0000669,ODOO-VER-003197-004,ODOO-VER-001032-007,1,Units,70,normal,Assembly,0.25,TRUE
ODOO-BOMLINE-0000670,ODOO-VER-003197-004,ODOO-VER-002043-021,1,Units,71,normal,Assembly,0.50,TRUE
ODOO-BOMLINE-0000671,ODOO-VER-003197-005,ODOO-VER-002043-021,1,Units,72,normal,Assembly,0.75,TRUE
ODOO-BOMLINE-0000672,ODOO-VER-003197-006,ODOO-VER-002043-021,1,Units,73,normal,Assembly,0.00,TRUE
ODOO-BOMLINE-0000673,ODOO-VER-000015-003,ODOO-VER-000002-006,1,Units,74,normal,Assembly,0.25,TRUE
ODOO-BOMLINE-0000674,ODOO-VER-000015-003,ODOO-VER-000006-003,1,Units,75,normal,Assembly,0.50,TRUE
ODOO-BOMLINE-0000675,ODOO-VER-000015-003,ODOO-VER-000008-003,1,Units,76,normal,Assembly,0.75,TRUE
ODOO-BOMLINE-0000676,ODOO-VER-000015-003,ODOO-VER-000009-003,1,Units,77,normal,Assembly,0.00,TRUE
ODOO-BOMLINE-0000677,ODOO-VER-000015-003,ODOO-VER-000010-003,1,Units,78,normal,Assembly,0.25,TRUE
ODOO-BOMLINE-0000678,ODOO-VER-000015-003,ODOO-VER-000012-003,1,Units,79,normal,Assembly,0.50,TRUE
ODOO-BOMLINE-0000679,ODOO-VER-000015-004,ODOO-VER-000002-006,1,Units,80,normal,Assembly,0.75,TRUE
ODOO-BOMLINE-0000680,ODOO-VER-000003-002,ODOO-VER-000013-002,1,Units,81,normal,Assembly,0.00,TRUE
ODOO-BOMLINE-0000681,ODOO-VER-000015-004,ODOO-VER-000006-004,1,Units,82,normal,Assembly,0.25,TRUE
ODOO-BOMLINE-0000682,ODOO-VER-000015-004,ODOO-VER-000008-004,1,Units,83,normal,Assembly,0.50,TRUE
ODOO-BOMLINE-0000683,ODOO-VER-000015-004,ODOO-VER-000009-004,1,Units,84,normal,Assembly,0.75,TRUE
ODOO-BOMLINE-0000684,ODOO-VER-000015-004,ODOO-VER-000010-004,1,Units,85,normal,Assembly,0.00,TRUE
ODOO-BOMLINE-0000685,ODOO-VER-000015-004,ODOO-VER-000012-004,1,Units,86,normal,Assembly,0.25,TRUE
ODOO-BOMLINE-0000686,ODOO-VER-000015-005,ODOO-VER-000002-006,1,Units,87,normal,Assembly,0.50,TRUE
ODOO-BOMLINE-0000687,ODOO-VER-000015-005,ODOO-VER-000006-004,1,Units,88,normal,Assembly,0.75,TRUE
ODOO-BOMLINE-0000688,ODOO-VER-000015-005,ODOO-VER-000008-004,1,Units,89,normal,Assembly,0.00,TRUE
ODOO-BOMLINE-0000689,ODOO-VER-000015-005,ODOO-VER-000009-004,1,Units,90,normal,Assembly,0.25,TRUE
ODOO-BOMLINE-0000690,ODOO-VER-000015-005,ODOO-VER-000010-004,1,Units,91,normal,Assembly,0.50,TRUE
ODOO-BOMLINE-0000691,ODOO-VER-000015-005,ODOO-VER-000012-004,1,Units,92,normal,Assembly,0.75,TRUE
ODOO-BOMLINE-0000692,ODOO-VER-000003-005,ODOO-VER-000013-003,1,Units,93,normal,Assembly,0.00,TRUE
ODOO-BOMLINE-0000693,ODOO-VER-000003-006,ODOO-VER-000013-004,1,Units,94,normal,Assembly,0.25,TRUE
ODOO-BOMLINE-0000694,ODOO-VER-000015-006,ODOO-VER-000002-006,1,Units,95,normal,Assembly,0.50,TRUE
ODOO-BOMLINE-0000695,ODOO-VER-000015-006,ODOO-VER-000006-004,1,Units,96,normal,Assembly,0.75,TRUE
ODOO-BOMLINE-0000696,ODOO-VER-000015-006,ODOO-VER-000008-005,1,Units,97,normal,Assembly,0.00,TRUE
ODOO-BOMLINE-0000697,ODOO-VER-000015-006,ODOO-VER-000009-004,1,Units,98,normal,Assembly,0.25,TRUE
ODOO-BOMLINE-0000698,ODOO-VER-000015-006,ODOO-VER-000010-004,1,Units,99,normal,Assembly,0.50,TRUE
ODOO-BOMLINE-0000699,ODOO-VER-000015-006,ODOO-VER-000012-004,1,Units,100,normal,Assembly,0.75,TRUE
ODOO-BOMLINE-0000700,ODOO-VER-000015-007,ODOO-VER-000002-006,1,Units,1,normal,Assembly,0.00,TRUE
ODOO-BOMLINE-0000701,ODOO-VER-000015-007,ODOO-VER-000006-004,1,Units,2,normal,Assembly,0.25,TRUE
ODOO-BOMLINE-0000702,ODOO-VER-000015-007,ODOO-VER-000008-005,1,Units,3,normal,Assembly,0.50,TRUE
ODOO-BOMLINE-0000703,ODOO-VER-000003-003,ODOO-VER-000013-002,1,Units,4,normal,Assembly,0.75,TRUE
ODOO-BOMLINE-0000704,ODOO-VER-000015-007,ODOO-VER-000009-004,1,Units,5,normal,Assembly,0.00,TRUE
ODOO-BOMLINE-0000705,ODOO-VER-000015-007,ODOO-VER-000010-004,1,Units,6,normal,Assembly,0.25,TRUE
ODOO-BOMLINE-0000706,ODOO-VER-000015-007,ODOO-VER-000012-004,1,Units,7,normal,Assembly,0.50,TRUE
ODOO-BOMLINE-0000707,ODOO-VER-000015-008,ODOO-VER-000002-006,1,Units,8,normal,Assembly,0.75,TRUE
ODOO-BOMLINE-0000708,ODOO-VER-000015-008,ODOO-VER-000006-004,1,Units,9,normal,Assembly,0.00,TRUE
ODOO-BOMLINE-0000709,ODOO-VER-000015-008,ODOO-VER-000008-005,1,Units,10,normal,Assembly,0.25,TRUE
ODOO-BOMLINE-0000710,ODOO-VER-000015-008,ODOO-VER-000009-004,1,Units,11,normal,Assembly,0.50,TRUE
ODOO-BOMLINE-0000711,ODOO-VER-000015-008,ODOO-VER-000010-004,1,Units,12,normal,Assembly,0.75,TRUE
ODOO-BOMLINE-0000712,ODOO-VER-000015-008,ODOO-VER-000012-004,1,Units,13,normal,Assembly,0.00,TRUE
ODOO-BOMLINE-0000713,ODOO-VER-000015-009,ODOO-VER-000002-006,1,Units,14,normal,Assembly,0.25,TRUE
ODOO-BOMLINE-0000714,ODOO-VER-000015-009,ODOO-VER-000006-004,1,Units,15,normal,Assembly,0.50,TRUE
ODOO-BOMLINE-0000715,ODOO-VER-000015-009,ODOO-VER-000008-005,1,Units,16,normal,Assembly,0.75,TRUE
ODOO-BOMLINE-0000716,ODOO-VER-000015-009,ODOO-VER-000009-004,1,Units,17,normal,Assembly,0.00,TRUE
ODOO-BOMLINE-0000717,ODOO-VER-000015-009,ODOO-VER-000010-004,1,Units,18,normal,Assembly,0.25,TRUE
ODOO-BOMLINE-0000718,ODOO-VER-000015-009,ODOO-VER-000012-004,1,Units,19,normal,Assembly,0.50,TRUE
ODOO-BOMLINE-0000719,ODOO-VER-000015-010,ODOO-VER-000002-006,1,Units,20,normal,Assembly,0.75,TRUE
