relationId,parent,child,revision,isCurrent,active
ODOO-HASVER-0000001,ODOO-PROD-000002,ODOO-VER-000002-001,1,FALSE,TRUE
ODOO-HASVER-0000002,ODOO-PROD-000002,ODOO-VER-000002-002,2,FALSE,TRUE
ODOO-HASVER-0000003,ODOO-PROD-000002,ODOO-VER-000002-003,3,FALSE,TRUE
ODOO-HASVER-0000004,ODOO-PROD-000002,ODOO-VER-000002-004,4,FALSE,TRUE
ODOO-HASVER-0000005,ODOO-PROD-000002,ODOO-VER-000002-005,5,FALSE,TRUE
ODOO-HASVER-0000006,ODOO-PROD-000002,ODOO-VER-000002-006,6,FALSE,TRUE
ODOO-HASVER-0000007,ODOO-PROD-000002,ODOO-VER-000002-019,19,FALSE,TRUE
ODOO-HASVER-0000008,ODOO-PROD-000002,ODOO-VER-000002-020,20,FALSE,TRUE
ODOO-HASVER-0000009,ODOO-PROD-000002,ODOO-VER-000002-021,21,FALSE,TRUE
ODOO-HASVER-0000010,ODOO-PROD-000002,ODOO-VER-000002-022,22,TRUE,TRUE
ODOO-HASVER-0000011,ODOO-PROD-000002,ODOO-VER-000002-013,13,FALSE,TRUE
ODOO-HASVER-0000012,ODOO-PROD-000002,ODOO-VER-000002-014,14,FALSE,TRUE
ODOO-HASVER-0000013,ODOO-PROD-000002,ODOO-VER-000002-015,15,FALSE,TRUE
ODOO-HASVER-0000014,ODOO-PROD-000002,ODOO-VER-000002-016,16,FALSE,TRUE
ODOO-HASVER-0000015,ODOO-PROD-000002,ODOO-VER-000002-017,17,FALSE,TRUE
ODOO-HASVER-0000016,ODOO-PROD-000002,ODOO-VER-000002-018,18,FALSE,TRUE
ODOO-HASVER-0000017,ODOO-PROD-000002,ODOO-VER-000002-007,7,FALSE,TRUE
ODOO-HASVER-0000018,ODOO-PROD-000002,ODOO-VER-000002-008,8,FALSE,TRUE
ODOO-HASVER-0000019,ODOO-PROD-000002,ODOO-VER-000002-009,9,FALSE,TRUE
ODOO-HASVER-0000020,ODOO-PROD-000002,ODOO-VER-000002-010,10,FALSE,TRUE
ODOO-HASVER-0000021,ODOO-PROD-000002,ODOO-VER-000002-011,11,FALSE,TRUE
ODOO-HASVER-0000022,ODOO-PROD-000002,ODOO-VER-000002-012,12,FALSE,TRUE
ODOO-HASVER-0000023,ODOO-PROD-000003,ODOO-VER-000003-001,1,FALSE,TRUE
ODOO-HASVER-0000024,ODOO-PROD-000003,ODOO-VER-000003-002,2,FALSE,TRUE
ODOO-HASVER-0000025,ODOO-PROD-000003,ODOO-VER-000003-003,3,FALSE,TRUE
ODOO-HASVER-0000026,ODOO-PROD-000003,ODOO-VER-000003-004,4,FALSE,TRUE
ODOO-HASVER-0000027,ODOO-PROD-000003,ODOO-VER-000003-005,5,FALSE,TRUE
ODOO-HASVER-0000028,ODOO-PROD-000003,ODOO-VER-000003-006,6,FALSE,TRUE
ODOO-HASVER-0000029,ODOO-PROD-000003,ODOO-VER-000003-013,13,TRUE,TRUE
ODOO-HASVER-0000030,ODOO-PROD-000003,ODOO-VER-000003-007,7,FALSE,TRUE
ODOO-HASVER-0000031,ODOO-PROD-000003,ODOO-VER-000003-008,8,FALSE,TRUE
ODOO-HASVER-0000032,ODOO-PROD-000003,ODOO-VER-000003-009,9,FALSE,TRUE
ODOO-HASVER-0000033,ODOO-PROD-000003,ODOO-VER-000003-010,10,FALSE,TRUE
ODOO-HASVER-0000034,ODOO-PROD-000003,ODOO-VER-000003-011,11,FALSE,TRUE
ODOO-HASVER-0000035,ODOO-PROD-000003,ODOO-VER-000003-012,12,FALSE,TRUE
ODOO-HASVER-0000036,ODOO-PROD-000004,ODOO-VER-000004-001,1,FALSE,TRUE
ODOO-HASVER-0000037,ODOO-PROD-000004,ODOO-VER-000004-002,2,FALSE,TRUE
ODOO-HASVER-0000038,ODOO-PROD-000004,ODOO-VER-000004-003,3,FALSE,TRUE
ODOO-HASVER-0000039,ODOO-PROD-000004,ODOO-VER-000004-004,4,TRUE,TRUE
ODOO-HASVER-0000040,ODOO-PROD-000005,ODOO-VER-000005-001,1,FALSE,TRUE
ODOO-HASVER-0000041,ODOO-PROD-000005,ODOO-VER-000005-002,2,FALSE,TRUE
ODOO-HASVER-0000042,ODOO-PROD-000005,ODOO-VER-000005-003,3,FALSE,TRUE
ODOO-HASVER-0000043,ODOO-PROD-000005,ODOO-VER-000005-004,4,FALSE,TRUE
ODOO-HASVER-0000044,ODOO-PROD-000005,ODOO-VER-000005-005,5,FALSE,TRUE
ODOO-HASVER-0000045,ODOO-PROD-000005,ODOO-VER-000005-006,6,FALSE,TRUE
ODOO-HASVER-0000046,ODOO-PROD-000005,ODOO-VER-000005-007,7,FALSE,TRUE
ODOO-HASVER-0000047,ODOO-PROD-000005,ODOO-VER-000005-008,8,TRUE,TRUE
ODOO-HASVER-0000048,ODOO-PROD-000006,ODOO-VER-000006-001,1,FALSE,TRUE
ODOO-HASVER-0000049,ODOO-PROD-000006,ODOO-VER-000006-002,2,FALSE,TRUE
ODOO-HASVER-0000050,ODOO-PROD-000006,ODOO-VER-000006-003,3,FALSE,TRUE
ODOO-HASVER-0000051,ODOO-PROD-000006,ODOO-VER-000006-004,4,FALSE,TRUE
ODOO-HASVER-0000052,ODOO-PROD-000006,ODOO-VER-000006-005,5,FALSE,TRUE
ODOO-HASVER-0000053,ODOO-PROD-000006,ODOO-VER-000006-006,6,TRUE,TRUE
ODOO-HASVER-0000054,ODOO-PROD-000007,ODOO-VER-000007-001,1,FALSE,TRUE
ODOO-HASVER-0000055,ODOO-PROD-000007,ODOO-VER-000007-002,2,FALSE,TRUE
ODOO-HASVER-0000056,ODOO-PROD-000007,ODOO-VER-000007-003,3,FALSE,TRUE
ODOO-HASVER-0000057,ODOO-PROD-000007,ODOO-VER-000007-004,4,TRUE,TRUE
ODOO-HASVER-0000058,ODOO-PROD-000008,ODOO-VER-000008-001,1,FALSE,TRUE
ODOO-HASVER-0000059,ODOO-PROD-000008,ODOO-VER-000008-002,2,FALSE,TRUE
ODOO-HASVER-0000060,ODOO-PROD-000008,ODOO-VER-000008-003,3,FALSE,TRUE
ODOO-HASVER-0000061,ODOO-PROD-000008,ODOO-VER-000008-004,4,FALSE,TRUE
ODOO-HASVER-0000062,ODOO-PROD-000008,ODOO-VER-000008-005,5,TRUE,TRUE
ODOO-HASVER-0000063,ODOO-PROD-000009,ODOO-VER-000009-001,1,FALSE,TRUE
ODOO-HASVER-0000064,ODOO-PROD-000009,ODOO-VER-000009-002,2,FALSE,TRUE
ODOO-HASVER-0000065,ODOO-PROD-000009,ODOO-VER-000009-003,3,FALSE,TRUE
ODOO-HASVER-0000066,ODOO-PROD-000009,ODOO-VER-000009-004,4,FALSE,TRUE
ODOO-HASVER-0000067,ODOO-PROD-000009,ODOO-VER-000009-005,5,TRUE,TRUE
ODOO-HASVER-0000068,ODOO-PROD-000010,ODOO-VER-000010-001,1,FALSE,TRUE
ODOO-HASVER-0000069,ODOO-PROD-000010,ODOO-VER-000010-002,2,FALSE,TRUE
ODOO-HASVER-0000070,ODOO-PROD-000010,ODOO-VER-000010-003,3,FALSE,TRUE
ODOO-HASVER-0000071,ODOO-PROD-000010,ODOO-VER-000010-004,4,FALSE,TRUE
ODOO-HASVER-0000072,ODOO-PROD-000010,ODOO-VER-000010-005,5,FALSE,TRUE
ODOO-HASVER-0000073,ODOO-PROD-000010,ODOO-VER-000010-006,6,FALSE,TRUE
ODOO-HASVER-0000074,ODOO-PROD-000010,ODOO-VER-000010-007,7,FALSE,TRUE
ODOO-HASVER-0000075,ODOO-PROD-000010,ODOO-VER-000010-008,8,TRUE,TRUE
ODOO-HASVER-0000076,ODOO-PROD-000011,ODOO-VER-000011-001,1,FALSE,TRUE
ODOO-HASVER-0000077,ODOO-PROD-000011,ODOO-VER-000011-002,2,FALSE,TRUE
ODOO-HASVER-0000078,ODOO-PROD-000011,ODOO-VER-000011-003,3,FALSE,TRUE
ODOO-HASVER-0000079,ODOO-PROD-000011,ODOO-VER-000011-004,4,TRUE,TRUE
ODOO-HASVER-0000080,ODOO-PROD-000012,ODOO-VER-000012-001,1,FALSE,TRUE
ODOO-HASVER-0000081,ODOO-PROD-000012,ODOO-VER-000012-002,2,FALSE,TRUE
ODOO-HASVER-0000082,ODOO-PROD-000012,ODOO-VER-000012-003,3,FALSE,TRUE
ODOO-HASVER-0000083,ODOO-PROD-000012,ODOO-VER-000012-004,4,FALSE,TRUE
ODOO-HASVER-0000084,ODOO-PROD-000012,ODOO-VER-000012-005,5,FALSE,TRUE
ODOO-HASVER-0000085,ODOO-PROD-000012,ODOO-VER-000012-006,6,TRUE,TRUE
ODOO-HASVER-0000086,ODOO-PROD-000013,ODOO-VER-000013-001,1,FALSE,TRUE
ODOO-HASVER-0000087,ODOO-PROD-000013,ODOO-VER-000013-002,2,FALSE,TRUE
ODOO-HASVER-0000088,ODOO-PROD-000013,ODOO-VER-000013-003,3,FALSE,TRUE
ODOO-HASVER-0000089,ODOO-PROD-000013,ODOO-VER-000013-004,4,FALSE,TRUE
ODOO-HASVER-0000090,ODOO-PROD-000013,ODOO-VER-000013-005,5,FALSE,TRUE
ODOO-HASVER-0000091,ODOO-PROD-000013,ODOO-VER-000013-006,6,FALSE,TRUE
ODOO-HASVER-0000092,ODOO-PROD-000013,ODOO-VER-000013-007,7,FALSE,TRUE
ODOO-HASVER-0000093,ODOO-PROD-000013,ODOO-VER-000013-008,8,FALSE,TRUE
ODOO-HASVER-0000094,ODOO-PROD-000013,ODOO-VER-000013-009,9,FALSE,TRUE
ODOO-HASVER-0000095,ODOO-PROD-000013,ODOO-VER-000013-010,10,TRUE,TRUE
ODOO-HASVER-0000096,ODOO-PROD-000014,ODOO-VER-000014-001,1,FALSE,TRUE
ODOO-HASVER-0000097,ODOO-PROD-000014,ODOO-VER-000014-002,2,FALSE,TRUE
ODOO-HASVER-0000098,ODOO-PROD-000014,ODOO-VER-000014-003,3,FALSE,TRUE
ODOO-HASVER-0000099,ODOO-PROD-000014,ODOO-VER-000014-004,4,FALSE,TRUE
ODOO-HASVER-0000100,ODOO-PROD-000014,ODOO-VER-000014-005,5,FALSE,TRUE
ODOO-HASVER-0000101,ODOO-PROD-000014,ODOO-VER-000014-006,6,FALSE,TRUE
ODOO-HASVER-0000102,ODOO-PROD-000014,ODOO-VER-000014-025,25,FALSE,TRUE
ODOO-HASVER-0000103,ODOO-PROD-000014,ODOO-VER-000014-026,26,TRUE,TRUE
ODOO-HASVER-0000104,ODOO-PROD-000014,ODOO-VER-000014-019,19,FALSE,TRUE
ODOO-HASVER-0000105,ODOO-PROD-000014,ODOO-VER-000014-020,20,FALSE,TRUE
ODOO-HASVER-0000106,ODOO-PROD-000014,ODOO-VER-000014-021,21,FALSE,TRUE
ODOO-HASVER-0000107,ODOO-PROD-000014,ODOO-VER-000014-022,22,FALSE,TRUE
ODOO-HASVER-0000108,ODOO-PROD-000014,ODOO-VER-000014-023,23,FALSE,TRUE
ODOO-HASVER-0000109,ODOO-PROD-000014,ODOO-VER-000014-024,24,FALSE,TRUE
ODOO-HASVER-0000110,ODOO-PROD-000014,ODOO-VER-000014-013,13,FALSE,TRUE
ODOO-HASVER-0000111,ODOO-PROD-000014,ODOO-VER-000014-014,14,FALSE,TRUE
ODOO-HASVER-0000112,ODOO-PROD-000014,ODOO-VER-000014-015,15,FALSE,TRUE
ODOO-HASVER-0000113,ODOO-PROD-000014,ODOO-VER-000014-016,16,FALSE,TRUE
ODOO-HASVER-0000114,ODOO-PROD-000014,ODOO-VER-000014-017,17,FALSE,TRUE
ODOO-HASVER-0000115,ODOO-PROD-000014,ODOO-VER-000014-018,18,FALSE,TRUE
ODOO-HASVER-0000116,ODOO-PROD-000014,ODOO-VER-000014-007,7,FALSE,TRUE
ODOO-HASVER-0000117,ODOO-PROD-000014,ODOO-VER-000014-008,8,FALSE,TRUE
ODOO-HASVER-0000118,ODOO-PROD-000014,ODOO-VER-000014-009,9,FALSE,TRUE
ODOO-HASVER-0000119,ODOO-PROD-000014,ODOO-VER-000014-010,10,FALSE,TRUE
ODOO-HASVER-0000120,ODOO-PROD-000014,ODOO-VER-000014-011,11,FALSE,TRUE
ODOO-HASVER-0000121,ODOO-PROD-000014,ODOO-VER-000014-012,12,FALSE,TRUE
ODOO-HASVER-0000122,ODOO-PROD-000015,ODOO-VER-000015-001,1,FALSE,TRUE
ODOO-HASVER-0000123,ODOO-PROD-000015,ODOO-VER-000015-032,32,TRUE,TRUE
ODOO-HASVER-0000124,ODOO-PROD-000015,ODOO-VER-000015-026,26,FALSE,TRUE
ODOO-HASVER-0000125,ODOO-PROD-000015,ODOO-VER-000015-027,27,FALSE,TRUE
ODOO-HASVER-0000126,ODOO-PROD-000015,ODOO-VER-000015-028,28,FALSE,TRUE
ODOO-HASVER-0000127,ODOO-PROD-000015,ODOO-VER-000015-029,29,FALSE,TRUE
ODOO-HASVER-0000128,ODOO-PROD-000015,ODOO-VER-000015-030,30,FALSE,TRUE
ODOO-HASVER-0000129,ODOO-PROD-000015,ODOO-VER-000015-031,31,FALSE,TRUE
ODOO-HASVER-0000130,ODOO-PROD-000015,ODOO-VER-000015-020,20,FALSE,TRUE
ODOO-HASVER-0000131,ODOO-PROD-000015,ODOO-VER-000015-021,21,FALSE,TRUE
ODOO-HASVER-0000132,ODOO-PROD-000015,ODOO-VER-000015-022,22,FALSE,TRUE
ODOO-HASVER-0000133,ODOO-PROD-000015,ODOO-VER-000015-023,23,FALSE,TRUE
ODOO-HASVER-0000134,ODOO-PROD-000015,ODOO-VER-000015-024,24,FALSE,TRUE
ODOO-HASVER-0000135,ODOO-PROD-000015,ODOO-VER-000015-025,25,FALSE,TRUE
ODOO-HASVER-0000136,ODOO-PROD-000015,ODOO-VER-000015-014,14,FALSE,TRUE
ODOO-HASVER-0000137,ODOO-PROD-000015,ODOO-VER-000015-015,15,FALSE,TRUE
ODOO-HASVER-0000138,ODOO-PROD-000015,ODOO-VER-000015-016,16,FALSE,TRUE
ODOO-HASVER-0000139,ODOO-PROD-000015,ODOO-VER-000015-017,17,FALSE,TRUE
ODOO-HASVER-0000140,ODOO-PROD-000015,ODOO-VER-000015-018,18,FALSE,TRUE
ODOO-HASVER-0000141,ODOO-PROD-000015,ODOO-VER-000015-019,19,FALSE,TRUE
ODOO-HASVER-0000142,ODOO-PROD-000015,ODOO-VER-000015-008,8,FALSE,TRUE
ODOO-HASVER-0000143,ODOO-PROD-000015,ODOO-VER-000015-009,9,FALSE,TRUE
ODOO-HASVER-0000144,ODOO-PROD-000015,ODOO-VER-000015-010,10,FALSE,TRUE
ODOO-HASVER-0000145,ODOO-PROD-000015,ODOO-VER-000015-011,11,FALSE,TRUE
ODOO-HASVER-0000146,ODOO-PROD-000015,ODOO-VER-000015-012,12,FALSE,TRUE
ODOO-HASVER-0000147,ODOO-PROD-000015,ODOO-VER-000015-013,13,FALSE,TRUE
ODOO-HASVER-0000148,ODOO-PROD-000015,ODOO-VER-000015-002,2,FALSE,TRUE
ODOO-HASVER-0000149,ODOO-PROD-000015,ODOO-VER-000015-003,3,FALSE,TRUE
ODOO-HASVER-0000150,ODOO-PROD-000015,ODOO-VER-000015-004,4,FALSE,TRUE
ODOO-HASVER-0000151,ODOO-PROD-000015,ODOO-VER-000015-005,5,FALSE,TRUE
ODOO-HASVER-0000152,ODOO-PROD-000015,ODOO-VER-000015-006,6,FALSE,TRUE
ODOO-HASVER-0000153,ODOO-PROD-000015,ODOO-VER-000015-007,7,FALSE,TRUE
ODOO-HASVER-0000154,ODOO-PROD-001022,ODOO-VER-001022-001,1,FALSE,TRUE
ODOO-HASVER-0000155,ODOO-PROD-001022,ODOO-VER-001022-002,2,TRUE,TRUE
ODOO-HASVER-0000156,ODOO-PROD-001023,ODOO-VER-001023-001,1,FALSE,TRUE
ODOO-HASVER-0000157,ODOO-PROD-001023,ODOO-VER-001023-002,2,FALSE,TRUE
ODOO-HASVER-0000158,ODOO-PROD-001023,ODOO-VER-001023-003,3,FALSE,TRUE
ODOO-HASVER-0000159,ODOO-PROD-001023,ODOO-VER-001023-004,4,TRUE,TRUE
ODOO-HASVER-0000160,ODOO-PROD-001024,ODOO-VER-001024-001,1,TRUE,TRUE
ODOO-HASVER-0000161,ODOO-PROD-001025,ODOO-VER-001025-001,1,FALSE,TRUE
ODOO-HASVER-0000162,ODOO-PROD-001025,ODOO-VER-001025-002,2,FALSE,TRUE
ODOO-HASVER-0000163,ODOO-PROD-001025,ODOO-VER-001025-003,3,FALSE,TRUE
ODOO-HASVER-0000164,ODOO-PROD-001025,ODOO-VER-001025-004,4,FALSE,TRUE
ODOO-HASVER-0000165,ODOO-PROD-001025,ODOO-VER-001025-005,5,FALSE,TRUE
ODOO-HASVER-0000166,ODOO-PROD-001025,ODOO-VER-001025-006,6,TRUE,TRUE
ODOO-HASVER-0000167,ODOO-PROD-001027,ODOO-VER-001027-001,1,FALSE,TRUE
ODOO-HASVER-0000168,ODOO-PROD-001027,ODOO-VER-001027-002,2,TRUE,TRUE
ODOO-HASVER-0000169,ODOO-PROD-001029,ODOO-VER-001029-001,1,FALSE,TRUE
ODOO-HASVER-0000170,ODOO-PROD-001029,ODOO-VER-001029-002,2,FALSE,TRUE
ODOO-HASVER-0000171,ODOO-PROD-001029,ODOO-VER-001029-003,3,FALSE,TRUE
ODOO-HASVER-0000172,ODOO-PROD-001029,ODOO-VER-001029-004,4,TRUE,TRUE
ODOO-HASVER-0000173,ODOO-PROD-001030,ODOO-VER-001030-001,1,FALSE,TRUE
ODOO-HASVER-0000174,ODOO-PROD-001030,ODOO-VER-001030-002,2,FALSE,TRUE
ODOO-HASVER-0000175,ODOO-PROD-001030,ODOO-VER-001030-003,3,TRUE,TRUE
ODOO-HASVER-0000176,ODOO-PROD-001031,ODOO-VER-001031-001,1,FALSE,TRUE
ODOO-HASVER-0000177,ODOO-PROD-001031,ODOO-VER-001031-002,2,FALSE,TRUE
ODOO-HASVER-0000178,ODOO-PROD-001031,ODOO-VER-001031-003,3,TRUE,TRUE
ODOO-HASVER-0000179,ODOO-PROD-001032,ODOO-VER-001032-001,1,FALSE,TRUE
ODOO-HASVER-0000180,ODOO-PROD-001032,ODOO-VER-001032-002,2,FALSE,TRUE
ODOO-HASVER-0000181,ODOO-PROD-001032,ODOO-VER-001032-003,3,FALSE,TRUE
ODOO-HASVER-0000182,ODOO-PROD-001032,ODOO-VER-001032-004,4,FALSE,TRUE
ODOO-HASVER-0000183,ODOO-PROD-001032,ODOO-VER-001032-005,5,FALSE,TRUE
ODOO-HASVER-0000184,ODOO-PROD-001032,ODOO-VER-001032-006,6,FALSE,TRUE
ODOO-HASVER-0000185,ODOO-PROD-001032,ODOO-VER-001032-007,7,TRUE,TRUE
ODOO-HASVER-0000186,ODOO-PROD-001033,ODOO-VER-001033-001,1,FALSE,TRUE
ODOO-HASVER-0000187,ODOO-PROD-001033,ODOO-VER-001033-002,2,FALSE,TRUE
ODOO-HASVER-0000188,ODOO-PROD-001033,ODOO-VER-001033-003,3,TRUE,TRUE
ODOO-HASVER-0000189,ODOO-PROD-001034,ODOO-VER-001034-001,1,FALSE,TRUE
ODOO-HASVER-0000190,ODOO-PROD-001034,ODOO-VER-001034-002,2,FALSE,TRUE
ODOO-HASVER-0000191,ODOO-PROD-001034,ODOO-VER-001034-003,3,TRUE,TRUE
ODOO-HASVER-0000192,ODOO-PROD-001035,ODOO-VER-001035-001,1,FALSE,TRUE
ODOO-HASVER-0000193,ODOO-PROD-001035,ODOO-VER-001035-002,2,FALSE,TRUE
ODOO-HASVER-0000194,ODOO-PROD-001035,ODOO-VER-001035-003,3,TRUE,TRUE
ODOO-HASVER-0000195,ODOO-PROD-001036,ODOO-VER-001036-001,1,FALSE,TRUE
ODOO-HASVER-0000196,ODOO-PROD-001036,ODOO-VER-001036-002,2,FALSE,TRUE
ODOO-HASVER-0000197,ODOO-PROD-001036,ODOO-VER-001036-003,3,FALSE,TRUE
ODOO-HASVER-0000198,ODOO-PROD-001036,ODOO-VER-001036-004,4,FALSE,TRUE
ODOO-HASVER-0000199,ODOO-PROD-001036,ODOO-VER-001036-005,5,FALSE,TRUE
ODOO-HASVER-0000200,ODOO-PROD-001036,ODOO-VER-001036-006,6,TRUE,TRUE
ODOO-HASVER-0000201,ODOO-PROD-001038,ODOO-VER-001038-001,1,FALSE,TRUE
ODOO-HASVER-0000202,ODOO-PROD-001038,ODOO-VER-001038-002,2,TRUE,TRUE
ODOO-HASVER-0000203,ODOO-PROD-001039,ODOO-VER-001039-001,1,FALSE,TRUE
ODOO-HASVER-0000204,ODOO-PROD-001039,ODOO-VER-001039-002,2,FALSE,TRUE
ODOO-HASVER-0000205,ODOO-PROD-001039,ODOO-VER-001039-003,3,TRUE,TRUE
ODOO-HASVER-0000206,ODOO-PROD-001040,ODOO-VER-001040-001,1,FALSE,TRUE
ODOO-HASVER-0000207,ODOO-PROD-001040,ODOO-VER-001040-002,2,FALSE,TRUE
ODOO-HASVER-0000208,ODOO-PROD-001040,ODOO-VER-001040-003,3,TRUE,TRUE
ODOO-HASVER-0000209,ODOO-PROD-001041,ODOO-VER-001041-001,1,FALSE,TRUE
ODOO-HASVER-0000210,ODOO-PROD-001041,ODOO-VER-001041-002,2,FALSE,TRUE
ODOO-HASVER-0000211,ODOO-PROD-001041,ODOO-VER-001041-003,3,FALSE,TRUE
ODOO-HASVER-0000212,ODOO-PROD-001041,ODOO-VER-001041-004,4,FALSE,TRUE
ODOO-HASVER-0000213,ODOO-PROD-001041,ODOO-VER-001041-005,5,TRUE,TRUE
ODOO-HASVER-0000214,ODOO-PROD-001042,ODOO-VER-001042-001,1,FALSE,TRUE
ODOO-HASVER-0000215,ODOO-PROD-001042,ODOO-VER-001042-002,2,FALSE,TRUE
ODOO-HASVER-0000216,ODOO-PROD-001042,ODOO-VER-001042-003,3,TRUE,TRUE
ODOO-HASVER-0000217,ODOO-PROD-001043,ODOO-VER-001043-001,1,TRUE,TRUE
ODOO-HASVER-0000218,ODOO-PROD-001044,ODOO-VER-001044-001,1,FALSE,TRUE
ODOO-HASVER-0000219,ODOO-PROD-001044,ODOO-VER-001044-002,2,FALSE,TRUE
ODOO-HASVER-0000220,ODOO-PROD-001044,ODOO-VER-001044-003,3,TRUE,TRUE
ODOO-HASVER-0000221,ODOO-PROD-002043,ODOO-VER-002043-001,1,FALSE,TRUE
ODOO-HASVER-0000222,ODOO-PROD-002043,ODOO-VER-002043-002,2,FALSE,TRUE
ODOO-HASVER-0000223,ODOO-PROD-002043,ODOO-VER-002043-003,3,FALSE,TRUE
ODOO-HASVER-0000224,ODOO-PROD-002043,ODOO-VER-002043-004,4,FALSE,TRUE
ODOO-HASVER-0000225,ODOO-PROD-002043,ODOO-VER-002043-005,5,FALSE,TRUE
ODOO-HASVER-0000226,ODOO-PROD-002043,ODOO-VER-002043-006,6,FALSE,TRUE
ODOO-HASVER-0000227,ODOO-PROD-002043,ODOO-VER-002043-019,19,FALSE,TRUE
ODOO-HASVER-0000228,ODOO-PROD-002043,ODOO-VER-002043-020,20,FALSE,TRUE
ODOO-HASVER-0000229,ODOO-PROD-002043,ODOO-VER-002043-021,21,TRUE,TRUE
ODOO-HASVER-0000230,ODOO-PROD-002043,ODOO-VER-002043-013,13,FALSE,TRUE
ODOO-HASVER-0000231,ODOO-PROD-002043,ODOO-VER-002043-014,14,FALSE,TRUE
ODOO-HASVER-0000232,ODOO-PROD-002043,ODOO-VER-002043-015,15,FALSE,TRUE
ODOO-HASVER-0000233,ODOO-PROD-002043,ODOO-VER-002043-016,16,FALSE,TRUE
ODOO-HASVER-0000234,ODOO-PROD-002043,ODOO-VER-002043-017,17,FALSE,TRUE
ODOO-HASVER-0000235,ODOO-PROD-002043,ODOO-VER-002043-018,18,FALSE,TRUE
ODOO-HASVER-0000236,ODOO-PROD-002043,ODOO-VER-002043-007,7,FALSE,TRUE
ODOO-HASVER-0000237,ODOO-PROD-002043,ODOO-VER-002043-008,8,FALSE,TRUE
ODOO-HASVER-0000238,ODOO-PROD-002043,ODOO-VER-002043-009,9,FALSE,TRUE
ODOO-HASVER-0000239,ODOO-PROD-002043,ODOO-VER-002043-010,10,FALSE,TRUE
ODOO-HASVER-0000240,ODOO-PROD-002043,ODOO-VER-002043-011,11,FALSE,TRUE
ODOO-HASVER-0000241,ODOO-PROD-002043,ODOO-VER-002043-012,12,FALSE,TRUE
ODOO-HASVER-0000242,ODOO-PROD-002060,ODOO-VER-002060-001,1,FALSE,TRUE
ODOO-HASVER-0000243,ODOO-PROD-002060,ODOO-VER-002060-002,2,FALSE,TRUE
ODOO-HASVER-0000244,ODOO-PROD-002060,ODOO-VER-002060-003,3,TRUE,TRUE
ODOO-HASVER-0000245,ODOO-PROD-002061,ODOO-VER-002061-001,1,FALSE,TRUE
ODOO-HASVER-0000246,ODOO-PROD-002061,ODOO-VER-002061-002,2,FALSE,TRUE
ODOO-HASVER-0000247,ODOO-PROD-002061,ODOO-VER-002061-003,3,FALSE,TRUE
ODOO-HASVER-0000248,ODOO-PROD-002061,ODOO-VER-002061-004,4,FALSE,TRUE
ODOO-HASVER-0000249,ODOO-PROD-002061,ODOO-VER-002061-005,5,FALSE,TRUE
ODOO-HASVER-0000250,ODOO-PROD-002061,ODOO-VER-002061-006,6,TRUE,TRUE
ODOO-HASVER-0000251,ODOO-PROD-002062,ODOO-VER-002062-001,1,FALSE,TRUE
ODOO-HASVER-0000252,ODOO-PROD-002062,ODOO-VER-002062-002,2,FALSE,TRUE
ODOO-HASVER-0000253,ODOO-PROD-002062,ODOO-VER-002062-003,3,FALSE,TRUE
ODOO-HASVER-0000254,ODOO-PROD-002062,ODOO-VER-002062-004,4,TRUE,TRUE
ODOO-HASVER-0000255,ODOO-PROD-002063,ODOO-VER-002063-001,1,FALSE,TRUE
ODOO-HASVER-0000256,ODOO-PROD-002063,ODOO-VER-002063-002,2,FALSE,TRUE
ODOO-HASVER-0000257,ODOO-PROD-002063,ODOO-VER-002063-003,3,FALSE,TRUE
ODOO-HASVER-0000258,ODOO-PROD-002063,ODOO-VER-002063-004,4,FALSE,TRUE
ODOO-HASVER-0000259,ODOO-PROD-002063,ODOO-VER-002063-005,5,FALSE,TRUE
ODOO-HASVER-0000260,ODOO-PROD-002063,ODOO-VER-002063-006,6,FALSE,TRUE
ODOO-HASVER-0000261,ODOO-PROD-002063,ODOO-VER-002063-013,13,FALSE,TRUE
ODOO-HASVER-0000262,ODOO-PROD-002063,ODOO-VER-002063-014,14,TRUE,TRUE
ODOO-HASVER-0000263,ODOO-PROD-002063,ODOO-VER-002063-007,7,FALSE,TRUE
ODOO-HASVER-0000264,ODOO-PROD-002063,ODOO-VER-002063-008,8,FALSE,TRUE
ODOO-HASVER-0000265,ODOO-PROD-002063,ODOO-VER-002063-009,9,FALSE,TRUE
ODOO-HASVER-0000266,ODOO-PROD-002063,ODOO-VER-002063-010,10,FALSE,TRUE
ODOO-HASVER-0000267,ODOO-PROD-002063,ODOO-VER-002063-011,11,FALSE,TRUE
ODOO-HASVER-0000268,ODOO-PROD-002063,ODOO-VER-002063-012,12,FALSE,TRUE
ODOO-HASVER-0000269,ODOO-PROD-002069,ODOO-VER-002069-001,1,FALSE,TRUE
ODOO-HASVER-0000270,ODOO-PROD-002069,ODOO-VER-002069-002,2,TRUE,TRUE
ODOO-HASVER-0000271,ODOO-PROD-002070,ODOO-VER-002070-001,1,TRUE,TRUE
ODOO-HASVER-0000272,ODOO-PROD-002071,ODOO-VER-002071-001,1,TRUE,TRUE
ODOO-HASVER-0000273,ODOO-PROD-002072,ODOO-VER-002072-001,1,TRUE,TRUE
ODOO-HASVER-0000274,ODOO-PROD-002073,ODOO-VER-002073-001,1,TRUE,TRUE
ODOO-HASVER-0000275,ODOO-PROD-002074,ODOO-VER-002074-001,1,TRUE,TRUE
ODOO-HASVER-0000276,ODOO-PROD-002075,ODOO-VER-002075-001,1,TRUE,TRUE
ODOO-HASVER-0000277,ODOO-PROD-002076,ODOO-VER-002076-001,1,TRUE,TRUE
ODOO-HASVER-0000278,ODOO-PROD-002077,ODOO-VER-002077-001,1,TRUE,TRUE
ODOO-HASVER-0000279,ODOO-PROD-002078,ODOO-VER-002078-001,1,TRUE,TRUE
ODOO-HASVER-0000280,ODOO-PROD-002079,ODOO-VER-002079-001,1,TRUE,TRUE
ODOO-HASVER-0000281,ODOO-PROD-002080,ODOO-VER-002080-001,1,TRUE,TRUE
ODOO-HASVER-0000282,ODOO-PROD-002083,ODOO-VER-002083-001,1,FALSE,TRUE
ODOO-HASVER-0000283,ODOO-PROD-002083,ODOO-VER-002083-002,2,TRUE,TRUE
ODOO-HASVER-0000284,ODOO-PROD-002086,ODOO-VER-002086-001,1,TRUE,TRUE
ODOO-HASVER-0000285,ODOO-PROD-002087,ODOO-VER-002087-001,1,TRUE,TRUE
ODOO-HASVER-0000286,ODOO-PROD-002088,ODOO-VER-002088-001,1,TRUE,TRUE
ODOO-HASVER-0000287,ODOO-PROD-002089,ODOO-VER-002089-001,1,TRUE,TRUE
ODOO-HASVER-0000288,ODOO-PROD-002090,ODOO-VER-002090-001,1,FALSE,TRUE
ODOO-HASVER-0000289,ODOO-PROD-002090,ODOO-VER-002090-002,2,FALSE,TRUE
ODOO-HASVER-0000290,ODOO-PROD-002090,ODOO-VER-002090-003,3,FALSE,TRUE
ODOO-HASVER-0000291,ODOO-PROD-002090,ODOO-VER-002090-004,4,FALSE,TRUE
ODOO-HASVER-0000292,ODOO-PROD-002090,ODOO-VER-002090-005,5,TRUE,TRUE
ODOO-HASVER-0000293,ODOO-PROD-002093,ODOO-VER-002093-001,1,FALSE,TRUE
ODOO-HASVER-0000294,ODOO-PROD-002093,ODOO-VER-002093-002,2,FALSE,TRUE
ODOO-HASVER-0000295,ODOO-PROD-002093,ODOO-VER-002093-003,3,FALSE,TRUE
ODOO-HASVER-0000296,ODOO-PROD-002093,ODOO-VER-002093-004,4,FALSE,TRUE
ODOO-HASVER-0000297,ODOO-PROD-002093,ODOO-VER-002093-005,5,FALSE,TRUE
ODOO-HASVER-0000298,ODOO-PROD-002093,ODOO-VER-002093-006,6,FALSE,TRUE
ODOO-HASVER-0000299,ODOO-PROD-002093,ODOO-VER-002093-007,7,FALSE,TRUE
ODOO-HASVER-0000300,ODOO-PROD-002093,ODOO-VER-002093-008,8,FALSE,TRUE
ODOO-HASVER-0000301,ODOO-PROD-002093,ODOO-VER-002093-009,9,FALSE,TRUE
ODOO-HASVER-0000302,ODOO-PROD-002093,ODOO-VER-002093-010,10,FALSE,TRUE
ODOO-HASVER-0000303,ODOO-PROD-002093,ODOO-VER-002093-011,11,TRUE,TRUE
ODOO-HASVER-0000304,ODOO-PROD-002095,ODOO-VER-002095-001,1,FALSE,TRUE
ODOO-HASVER-0000305,ODOO-PROD-002095,ODOO-VER-002095-002,2,FALSE,TRUE
ODOO-HASVER-0000306,ODOO-PROD-002095,ODOO-VER-002095-003,3,FALSE,TRUE
ODOO-HASVER-0000307,ODOO-PROD-002095,ODOO-VER-002095-004,4,FALSE,TRUE
ODOO-HASVER-0000308,ODOO-PROD-002095,ODOO-VER-002095-005,5,TRUE,TRUE
ODOO-HASVER-0000309,ODOO-PROD-002097,ODOO-VER-002097-001,1,FALSE,TRUE
ODOO-HASVER-0000310,ODOO-PROD-002097,ODOO-VER-002097-002,2,FALSE,TRUE
ODOO-HASVER-0000311,ODOO-PROD-002097,ODOO-VER-002097-003,3,FALSE,TRUE
ODOO-HASVER-0000312,ODOO-PROD-002097,ODOO-VER-002097-004,4,TRUE,TRUE
ODOO-HASVER-0000313,ODOO-PROD-002100,ODOO-VER-002100-001,1,FALSE,TRUE
ODOO-HASVER-0000314,ODOO-PROD-002100,ODOO-VER-002100-002,2,FALSE,TRUE
ODOO-HASVER-0000315,ODOO-PROD-002100,ODOO-VER-002100-003,3,FALSE,TRUE
ODOO-HASVER-0000316,ODOO-PROD-002100,ODOO-VER-002100-004,4,FALSE,TRUE
ODOO-HASVER-0000317,ODOO-PROD-002100,ODOO-VER-002100-005,5,TRUE,TRUE
ODOO-HASVER-0000318,ODOO-PROD-002103,ODOO-VER-002103-001,1,FALSE,TRUE
ODOO-HASVER-0000319,ODOO-PROD-002103,ODOO-VER-002103-002,2,FALSE,TRUE
ODOO-HASVER-0000320,ODOO-PROD-002103,ODOO-VER-002103-003,3,FALSE,TRUE
ODOO-HASVER-0000321,ODOO-PROD-002103,ODOO-VER-002103-004,4,FALSE,TRUE
ODOO-HASVER-0000322,ODOO-PROD-002103,ODOO-VER-002103-005,5,TRUE,TRUE
ODOO-HASVER-0000323,ODOO-PROD-002104,ODOO-VER-002104-001,1,FALSE,TRUE
ODOO-HASVER-0000324,ODOO-PROD-002104,ODOO-VER-002104-002,2,FALSE,TRUE
ODOO-HASVER-0000325,ODOO-PROD-002104,ODOO-VER-002104-003,3,FALSE,TRUE
ODOO-HASVER-0000326,ODOO-PROD-002104,ODOO-VER-002104-004,4,FALSE,TRUE
ODOO-HASVER-0000327,ODOO-PROD-002104,ODOO-VER-002104-005,5,TRUE,TRUE
ODOO-HASVER-0000328,ODOO-PROD-002107,ODOO-VER-002107-001,1,FALSE,TRUE
ODOO-HASVER-0000329,ODOO-PROD-002107,ODOO-VER-002107-002,2,FALSE,TRUE
ODOO-HASVER-0000330,ODOO-PROD-002107,ODOO-VER-002107-003,3,FALSE,TRUE
ODOO-HASVER-0000331,ODOO-PROD-002107,ODOO-VER-002107-004,4,TRUE,TRUE
ODOO-HASVER-0000332,ODOO-PROD-002110,ODOO-VER-002110-001,1,FALSE,TRUE
ODOO-HASVER-0000333,ODOO-PROD-002110,ODOO-VER-002110-002,2,FALSE,TRUE
ODOO-HASVER-0000334,ODOO-PROD-002110,ODOO-VER-002110-003,3,TRUE,TRUE
ODOO-HASVER-0000335,ODOO-PROD-002112,ODOO-VER-002112-001,1,FALSE,TRUE
ODOO-HASVER-0000336,ODOO-PROD-002112,ODOO-VER-002112-002,2,FALSE,TRUE
ODOO-HASVER-0000337,ODOO-PROD-002112,ODOO-VER-002112-003,3,FALSE,TRUE
ODOO-HASVER-0000338,ODOO-PROD-002112,ODOO-VER-002112-004,4,TRUE,TRUE
ODOO-HASVER-0000339,ODOO-PROD-002114,ODOO-VER-002114-001,1,FALSE,TRUE
ODOO-HASVER-0000340,ODOO-PROD-002114,ODOO-VER-002114-002,2,FALSE,TRUE
ODOO-HASVER-0000341,ODOO-PROD-002114,ODOO-VER-002114-003,3,TRUE,TRUE
ODOO-HASVER-0000342,ODOO-PROD-002116,ODOO-VER-002116-001,1,FALSE,TRUE
ODOO-HASVER-0000343,ODOO-PROD-002116,ODOO-VER-002116-002,2,TRUE,TRUE
ODOO-HASVER-0000344,ODOO-PROD-002117,ODOO-VER-002117-001,1,FALSE,TRUE
ODOO-HASVER-0000345,ODOO-PROD-002117,ODOO-VER-002117-002,2,FALSE,TRUE
ODOO-HASVER-0000346,ODOO-PROD-002117,ODOO-VER-002117-003,3,TRUE,TRUE
ODOO-HASVER-0000347,ODOO-PROD-002118,ODOO-VER-002118-001,1,FALSE,TRUE
ODOO-HASVER-0000348,ODOO-PROD-002118,ODOO-VER-002118-002,2,FALSE,TRUE
ODOO-HASVER-0000349,ODOO-PROD-002118,ODOO-VER-002118-003,3,FALSE,TRUE
ODOO-HASVER-0000350,ODOO-PROD-002118,ODOO-VER-002118-004,4,TRUE,TRUE
ODOO-HASVER-0000351,ODOO-PROD-002119,ODOO-VER-002119-001,1,FALSE,TRUE
ODOO-HASVER-0000352,ODOO-PROD-002119,ODOO-VER-002119-002,2,FALSE,TRUE
ODOO-HASVER-0000353,ODOO-PROD-002119,ODOO-VER-002119-003,3,FALSE,TRUE
ODOO-HASVER-0000354,ODOO-PROD-002119,ODOO-VER-002119-004,4,FALSE,TRUE
ODOO-HASVER-0000355,ODOO-PROD-002119,ODOO-VER-002119-005,5,TRUE,TRUE
ODOO-HASVER-0000356,ODOO-PROD-002120,ODOO-VER-002120-001,1,FALSE,TRUE
ODOO-HASVER-0000357,ODOO-PROD-002120,ODOO-VER-002120-002,2,FALSE,TRUE
ODOO-HASVER-0000358,ODOO-PROD-002120,ODOO-VER-002120-003,3,FALSE,TRUE
ODOO-HASVER-0000359,ODOO-PROD-002120,ODOO-VER-002120-004,4,TRUE,TRUE
ODOO-HASVER-0000360,ODOO-PROD-002128,ODOO-VER-002128-001,1,FALSE,TRUE
ODOO-HASVER-0000361,ODOO-PROD-002128,ODOO-VER-002128-002,2,FALSE,TRUE
ODOO-HASVER-0000362,ODOO-PROD-002128,ODOO-VER-002128-003,3,FALSE,TRUE
ODOO-HASVER-0000363,ODOO-PROD-002128,ODOO-VER-002128-004,4,FALSE,TRUE
ODOO-HASVER-0000364,ODOO-PROD-002128,ODOO-VER-002128-005,5,TRUE,TRUE
ODOO-HASVER-0000365,ODOO-PROD-002130,ODOO-VER-002130-001,1,FALSE,TRUE
ODOO-HASVER-0000366,ODOO-PROD-002130,ODOO-VER-002130-002,2,FALSE,TRUE
ODOO-HASVER-0000367,ODOO-PROD-002130,ODOO-VER-002130-003,3,FALSE,TRUE
ODOO-HASVER-0000368,ODOO-PROD-002130,ODOO-VER-002130-004,4,TRUE,TRUE
ODOO-HASVER-0000369,ODOO-PROD-002131,ODOO-VER-002131-001,1,FALSE,TRUE
ODOO-HASVER-0000370,ODOO-PROD-002131,ODOO-VER-002131-002,2,FALSE,TRUE
ODOO-HASVER-0000371,ODOO-PROD-002131,ODOO-VER-002131-003,3,TRUE,TRUE
ODOO-HASVER-0000372,ODOO-PROD-002132,ODOO-VER-002132-001,1,FALSE,TRUE
ODOO-HASVER-0000373,ODOO-PROD-002132,ODOO-VER-002132-002,2,FALSE,TRUE
ODOO-HASVER-0000374,ODOO-PROD-002132,ODOO-VER-002132-003,3,FALSE,TRUE
ODOO-HASVER-0000375,ODOO-PROD-002132,ODOO-VER-002132-004,4,TRUE,TRUE
ODOO-HASVER-0000376,ODOO-PROD-002136,ODOO-VER-002136-001,1,FALSE,TRUE
ODOO-HASVER-0000377,ODOO-PROD-002136,ODOO-VER-002136-002,2,FALSE,TRUE
ODOO-HASVER-0000378,ODOO-PROD-002136,ODOO-VER-002136-003,3,FALSE,TRUE
ODOO-HASVER-0000379,ODOO-PROD-002136,ODOO-VER-002136-004,4,FALSE,TRUE
ODOO-HASVER-0000380,ODOO-PROD-002136,ODOO-VER-002136-005,5,TRUE,TRUE
ODOO-HASVER-0000381,ODOO-PROD-002138,ODOO-VER-002138-001,1,FALSE,TRUE
ODOO-HASVER-0000382,ODOO-PROD-002138,ODOO-VER-002138-002,2,FALSE,TRUE
ODOO-HASVER-0000383,ODOO-PROD-002138,ODOO-VER-002138-003,3,FALSE,TRUE
ODOO-HASVER-0000384,ODOO-PROD-002138,ODOO-VER-002138-004,4,TRUE,TRUE
ODOO-HASVER-0000385,ODOO-PROD-002140,ODOO-VER-002140-001,1,FALSE,TRUE
ODOO-HASVER-0000386,ODOO-PROD-002140,ODOO-VER-002140-002,2,FALSE,TRUE
ODOO-HASVER-0000387,ODOO-PROD-002140,ODOO-VER-002140-003,3,FALSE,TRUE
ODOO-HASVER-0000388,ODOO-PROD-002140,ODOO-VER-002140-004,4,FALSE,TRUE
ODOO-HASVER-0000389,ODOO-PROD-002140,ODOO-VER-002140-005,5,TRUE,TRUE
ODOO-HASVER-0000390,ODOO-PROD-002142,ODOO-VER-002142-001,1,FALSE,TRUE
ODOO-HASVER-0000391,ODOO-PROD-002142,ODOO-VER-002142-002,2,FALSE,TRUE
ODOO-HASVER-0000392,ODOO-PROD-002142,ODOO-VER-002142-003,3,TRUE,TRUE
ODOO-HASVER-0000393,ODOO-PROD-002144,ODOO-VER-002144-001,1,FALSE,TRUE
ODOO-HASVER-0000394,ODOO-PROD-002144,ODOO-VER-002144-002,2,FALSE,TRUE
ODOO-HASVER-0000395,ODOO-PROD-002144,ODOO-VER-002144-003,3,TRUE,TRUE
ODOO-HASVER-0000396,ODOO-PROD-002146,ODOO-VER-002146-001,1,FALSE,TRUE
ODOO-HASVER-0000397,ODOO-PROD-002146,ODOO-VER-002146-002,2,FALSE,TRUE
ODOO-HASVER-0000398,ODOO-PROD-002146,ODOO-VER-002146-003,3,FALSE,TRUE
ODOO-HASVER-0000399,ODOO-PROD-002146,ODOO-VER-002146-004,4,FALSE,TRUE
ODOO-HASVER-0000400,ODOO-PROD-002146,ODOO-VER-002146-005,5,FALSE,TRUE
ODOO-HASVER-0000401,ODOO-PROD-002146,ODOO-VER-002146-006,6,TRUE,TRUE
ODOO-HASVER-0000402,ODOO-PROD-002147,ODOO-VER-002147-001,1,FALSE,TRUE
ODOO-HASVER-0000403,ODOO-PROD-002147,ODOO-VER-002147-002,2,FALSE,TRUE
ODOO-HASVER-0000404,ODOO-PROD-002147,ODOO-VER-002147-003,3,FALSE,TRUE
ODOO-HASVER-0000405,ODOO-PROD-002147,ODOO-VER-002147-004,4,TRUE,TRUE
ODOO-HASVER-0000406,ODOO-PROD-002148,ODOO-VER-002148-001,1,FALSE,TRUE
ODOO-HASVER-0000407,ODOO-PROD-002148,ODOO-VER-002148-002,2,FALSE,TRUE
ODOO-HASVER-0000408,ODOO-PROD-002148,ODOO-VER-002148-003,3,FALSE,TRUE
ODOO-HASVER-0000409,ODOO-PROD-002148,ODOO-VER-002148-004,4,FALSE,TRUE
ODOO-HASVER-0000410,ODOO-PROD-002148,ODOO-VER-002148-005,5,FALSE,TRUE
ODOO-HASVER-0000411,ODOO-PROD-002148,ODOO-VER-002148-006,6,FALSE,TRUE
ODOO-HASVER-0000412,ODOO-PROD-002148,ODOO-VER-002148-007,7,FALSE,TRUE
ODOO-HASVER-0000413,ODOO-PROD-002148,ODOO-VER-002148-008,8,TRUE,TRUE
ODOO-HASVER-0000414,ODOO-PROD-002149,ODOO-VER-002149-001,1,TRUE,TRUE
ODOO-HASVER-0000415,ODOO-PROD-002150,ODOO-VER-002150-001,1,FALSE,TRUE
ODOO-HASVER-0000416,ODOO-PROD-002150,ODOO-VER-002150-002,2,FALSE,TRUE
ODOO-HASVER-0000417,ODOO-PROD-002150,ODOO-VER-002150-003,3,FALSE,TRUE
ODOO-HASVER-0000418,ODOO-PROD-002150,ODOO-VER-002150-004,4,TRUE,TRUE
ODOO-HASVER-0000419,ODOO-PROD-002153,ODOO-VER-002153-001,1,FALSE,TRUE
ODOO-HASVER-0000420,ODOO-PROD-002153,ODOO-VER-002153-002,2,TRUE,TRUE
ODOO-HASVER-0000421,ODOO-PROD-002154,ODOO-VER-002154-001,1,FALSE,TRUE
ODOO-HASVER-0000422,ODOO-PROD-002154,ODOO-VER-002154-002,2,TRUE,TRUE
ODOO-HASVER-0000423,ODOO-PROD-002155,ODOO-VER-002155-001,1,FALSE,TRUE
ODOO-HASVER-0000424,ODOO-PROD-002155,ODOO-VER-002155-002,2,FALSE,TRUE
ODOO-HASVER-0000425,ODOO-PROD-002155,ODOO-VER-002155-003,3,TRUE,TRUE
ODOO-HASVER-0000426,ODOO-PROD-002156,ODOO-VER-002156-001,1,FALSE,TRUE
ODOO-HASVER-0000427,ODOO-PROD-002156,ODOO-VER-002156-002,2,TRUE,TRUE
ODOO-HASVER-0000428,ODOO-PROD-002165,ODOO-VER-002165-001,1,FALSE,TRUE
ODOO-HASVER-0000429,ODOO-PROD-002165,ODOO-VER-002165-002,2,FALSE,TRUE
ODOO-HASVER-0000430,ODOO-PROD-002165,ODOO-VER-002165-003,3,TRUE,TRUE
ODOO-HASVER-0000431,ODOO-PROD-002166,ODOO-VER-002166-003,3,TRUE,TRUE
ODOO-HASVER-0000432,ODOO-PROD-002166,ODOO-VER-002166-001,1,FALSE,TRUE
ODOO-HASVER-0000433,ODOO-PROD-002166,ODOO-VER-002166-002,2,FALSE,TRUE
ODOO-HASVER-0000434,ODOO-PROD-002167,ODOO-VER-002167-001,1,FALSE,TRUE
ODOO-HASVER-0000435,ODOO-PROD-002167,ODOO-VER-002167-002,2,FALSE,TRUE
ODOO-HASVER-0000436,ODOO-PROD-002167,ODOO-VER-002167-003,3,TRUE,TRUE
ODOO-HASVER-0000437,ODOO-PROD-002168,ODOO-VER-002168-001,1,FALSE,TRUE
ODOO-HASVER-0000438,ODOO-PROD-002168,ODOO-VER-002168-002,2,TRUE,TRUE
ODOO-HASVER-0000439,ODOO-PROD-002173,ODOO-VER-002173-001,1,FALSE,TRUE
ODOO-HASVER-0000440,ODOO-PROD-002173,ODOO-VER-002173-002,2,FALSE,TRUE
ODOO-HASVER-0000441,ODOO-PROD-002173,ODOO-VER-002173-003,3,TRUE,TRUE
ODOO-HASVER-0000442,ODOO-PROD-002175,ODOO-VER-002175-001,1,FALSE,TRUE
ODOO-HASVER-0000443,ODOO-PROD-002175,ODOO-VER-002175-002,2,FALSE,TRUE
ODOO-HASVER-0000444,ODOO-PROD-002175,ODOO-VER-002175-003,3,TRUE,TRUE
ODOO-HASVER-0000445,ODOO-PROD-002176,ODOO-VER-002176-001,1,FALSE,TRUE
ODOO-HASVER-0000446,ODOO-PROD-002176,ODOO-VER-002176-002,2,FALSE,TRUE
ODOO-HASVER-0000447,ODOO-PROD-002176,ODOO-VER-002176-003,3,TRUE,TRUE
ODOO-HASVER-0000448,ODOO-PROD-002181,ODOO-VER-002181-001,1,FALSE,TRUE
ODOO-HASVER-0000449,ODOO-PROD-002181,ODOO-VER-002181-002,2,FALSE,TRUE
ODOO-HASVER-0000450,ODOO-PROD-002181,ODOO-VER-002181-003,3,TRUE,TRUE
ODOO-HASVER-0000451,ODOO-PROD-002184,ODOO-VER-002184-001,1,FALSE,TRUE
ODOO-HASVER-0000452,ODOO-PROD-002184,ODOO-VER-002184-002,2,FALSE,TRUE
ODOO-HASVER-0000453,ODOO-PROD-002184,ODOO-VER-002184-003,3,TRUE,TRUE
ODOO-HASVER-0000454,ODOO-PROD-002187,ODOO-VER-002187-001,1,FALSE,TRUE
ODOO-HASVER-0000455,ODOO-PROD-002187,ODOO-VER-002187-002,2,FALSE,TRUE
ODOO-HASVER-0000456,ODOO-PROD-002187,ODOO-VER-002187-003,3,TRUE,TRUE
ODOO-HASVER-0000457,ODOO-PROD-002188,ODOO-VER-002188-001,1,FALSE,TRUE
ODOO-HASVER-0000458,ODOO-PROD-002188,ODOO-VER-002188-002,2,FALSE,TRUE
ODOO-HASVER-0000459,ODOO-PROD-002188,ODOO-VER-002188-003,3,TRUE,TRUE
ODOO-HASVER-0000460,ODOO-PROD-002193,ODOO-VER-002193-001,1,FALSE,TRUE
ODOO-HASVER-0000461,ODOO-PROD-002193,ODOO-VER-002193-002,2,TRUE,TRUE
ODOO-HASVER-0000462,ODOO-PROD-002196,ODOO-VER-002196-001,1,TRUE,TRUE
ODOO-HASVER-0000463,ODOO-PROD-002197,ODOO-VER-002197-001,1,FALSE,TRUE
ODOO-HASVER-0000464,ODOO-PROD-002197,ODOO-VER-002197-002,2,FALSE,TRUE
ODOO-HASVER-0000465,ODOO-PROD-002197,ODOO-VER-002197-003,3,TRUE,TRUE
ODOO-HASVER-0000466,ODOO-PROD-002199,ODOO-VER-002199-001,1,FALSE,TRUE
ODOO-HASVER-0000467,ODOO-PROD-002199,ODOO-VER-002199-002,2,TRUE,TRUE
ODOO-HASVER-0000468,ODOO-PROD-002200,ODOO-VER-002200-001,1,FALSE,TRUE
ODOO-HASVER-0000469,ODOO-PROD-002200,ODOO-VER-002200-002,2,FALSE,TRUE
ODOO-HASVER-0000470,ODOO-PROD-002200,ODOO-VER-002200-003,3,FALSE,TRUE
ODOO-HASVER-0000471,ODOO-PROD-002200,ODOO-VER-002200-004,4,FALSE,TRUE
ODOO-HASVER-0000472,ODOO-PROD-002200,ODOO-VER-002200-005,5,FALSE,TRUE
ODOO-HASVER-0000473,ODOO-PROD-002200,ODOO-VER-002200-006,6,TRUE,TRUE
ODOO-HASVER-0000474,ODOO-PROD-003197,ODOO-VER-003197-001,1,FALSE,TRUE
ODOO-HASVER-0000475,ODOO-PROD-003197,ODOO-VER-003197-002,2,FALSE,TRUE
ODOO-HASVER-0000476,ODOO-PROD-003197,ODOO-VER-003197-003,3,FALSE,TRUE
ODOO-HASVER-0000477,ODOO-PROD-003197,ODOO-VER-003197-004,4,FALSE,TRUE
ODOO-HASVER-0000478,ODOO-PROD-003197,ODOO-VER-003197-005,5,FALSE,TRUE
ODOO-HASVER-0000479,ODOO-PROD-003197,ODOO-VER-003197-006,6,TRUE,TRUE
