odooVersionKey,sourcePdmVersionKey,odooProductId,sourceDocumentId,revision,defaultCode,lifecycleState,isCurrent,effectiveDate,standardPrice
ODOO-VER-000002-001,2-1,ODOO-PROD-000002,2,1,210868,released,FALSE,2024-01-18,12.10
ODOO-VER-000002-002,2-2,ODOO-PROD-000002,2,2,210868,released,FALSE,2024-01-21,12.20
ODOO-VER-000002-003,2-3,ODOO-PROD-000002,2,3,210868,released,FALSE,2024-01-24,12.30
ODOO-VER-000002-004,2-4,ODOO-PROD-000002,2,4,210868,released,FALSE,2024-01-27,12.40
ODOO-VER-000002-005,2-5,ODOO-PROD-000002,2,5,210868,released,FALSE,2024-01-30,12.50
ODOO-VER-000002-006,2-6,ODOO-PROD-000002,2,6,210868,released,FALSE,2024-02-02,12.60
ODOO-VER-000002-019,2-19,ODOO-PROD-000002,2,19,210868,released,FALSE,2024-03-12,12.20
ODOO-VER-000002-020,2-20,ODOO-PROD-000002,2,20,210868,released,FALSE,2024-03-15,12.30
ODOO-VER-000002-021,2-21,ODOO-PROD-000002,2,21,210868,released,FALSE,2024-03-18,12.40
ODOO-VER-000002-022,2-22,ODOO-PROD-000002,2,22,210868,released,TRUE,2024-03-21,12.50
ODOO-VER-000002-013,2-13,ODOO-PROD-000002,2,13,210868,released,FALSE,2024-02-23,13.30
ODOO-VER-000002-014,2-14,ODOO-PROD-000002,2,14,210868,released,FALSE,2024-02-26,13.40
ODOO-VER-000002-015,2-15,ODOO-PROD-000002,2,15,210868,released,FALSE,2024-02-29,13.50
ODOO-VER-000002-016,2-16,ODOO-PROD-000002,2,16,210868,released,FALSE,2024-03-03,13.60
ODOO-VER-000002-017,2-17,ODOO-PROD-000002,2,17,210868,released,FALSE,2024-03-06,12.00
ODOO-VER-000002-018,2-18,ODOO-PROD-000002,2,18,210868,released,FALSE,2024-03-09,12.10
ODOO-VER-000002-007,2-7,ODOO-PROD-000002,2,7,210868,released,FALSE,2024-02-05,12.70
ODOO-VER-000002-008,2-8,ODOO-PROD-000002,2,8,210868,released,FALSE,2024-02-08,12.80
ODOO-VER-000002-009,2-9,ODOO-PROD-000002,2,9,210868,released,FALSE,2024-02-11,12.90
ODOO-VER-000002-010,2-10,ODOO-PROD-000002,2,10,210868,released,FALSE,2024-02-14,13.00
ODOO-VER-000002-011,2-11,ODOO-PROD-000002,2,11,210868,released,FALSE,2024-02-17,13.10
ODOO-VER-000002-012,2-12,ODOO-PROD-000002,2,12,210868,released,FALSE,2024-02-20,13.20
ODOO-VER-000003-001,3-1,ODOO-PROD-000003,3,1,200046,released,FALSE,2024-01-25,13.10
ODOO-VER-000003-002,3-2,ODOO-PROD-000003,3,2,200046,released,FALSE,2024-01-28,13.20
ODOO-VER-000003-003,3-3,ODOO-PROD-000003,3,3,200046,released,FALSE,2024-01-31,13.30
ODOO-VER-000003-004,3-4,ODOO-PROD-000003,3,4,200046,released,FALSE,2024-02-03,13.40
ODOO-VER-000003-005,3-5,ODOO-PROD-000003,3,5,200046,released,FALSE,2024-02-06,13.50
ODOO-VER-000003-006,3-6,ODOO-PROD-000003,3,6,200046,released,FALSE,2024-02-09,13.60
ODOO-VER-000003-013,3-13,ODOO-PROD-000003,3,13,200046,released,TRUE,2024-03-01,14.30
ODOO-VER-000003-007,3-7,ODOO-PROD-000003,3,7,200046,released,FALSE,2024-02-12,13.70
ODOO-VER-000003-008,3-8,ODOO-PROD-000003,3,8,200046,released,FALSE,2024-02-15,13.80
ODOO-VER-000003-009,3-9,ODOO-PROD-000003,3,9,200046,released,FALSE,2024-02-18,13.90
ODOO-VER-000003-010,3-10,ODOO-PROD-000003,3,10,200046,released,FALSE,2024-02-21,14.00
ODOO-VER-000003-011,3-11,ODOO-PROD-000003,3,11,200046,released,FALSE,2024-02-24,14.10
ODOO-VER-000003-012,3-12,ODOO-PROD-000003,3,12,200046,released,FALSE,2024-02-27,14.20
ODOO-VER-000004-001,4-1,ODOO-PROD-000004,4,1,TEMP570307,in_review,FALSE,2024-02-01,14.10
ODOO-VER-000004-002,4-2,ODOO-PROD-000004,4,2,TEMP570307,in_review,FALSE,2024-02-04,14.20
ODOO-VER-000004-003,4-3,ODOO-PROD-000004,4,3,TEMP570307,in_review,FALSE,2024-02-07,14.30
ODOO-VER-000004-004,4-4,ODOO-PROD-000004,4,4,TEMP570307,in_review,TRUE,2024-02-10,14.40
ODOO-VER-000005-001,5-1,ODOO-PROD-000005,5,1,TEMP566662,in_review,FALSE,2024-02-08,15.10
ODOO-VER-000005-002,5-2,ODOO-PROD-000005,5,2,TEMP566662,in_review,FALSE,2024-02-11,15.20
ODOO-VER-000005-003,5-3,ODOO-PROD-000005,5,3,TEMP566662,in_review,FALSE,2024-02-14,15.30
ODOO-VER-000005-004,5-4,ODOO-PROD-000005,5,4,TEMP566662,in_review,FALSE,2024-02-17,15.40
ODOO-VER-000005-005,5-5,ODOO-PROD-000005,5,5,TEMP566662,in_review,FALSE,2024-02-20,15.50
ODOO-VER-000005-006,5-6,ODOO-PROD-000005,5,6,TEMP566662,in_review,FALSE,2024-02-23,15.60
ODOO-VER-000005-007,5-7,ODOO-PROD-000005,5,7,TEMP566662,in_review,FALSE,2024-02-26,15.70
ODOO-VER-000005-008,5-8,ODOO-PROD-000005,5,8,TEMP566662,in_review,TRUE,2024-02-29,15.80
ODOO-VER-000006-001,6-1,ODOO-PROD-000006,6,1,TEMP497181,released,FALSE,2024-02-15,16.10
ODOO-VER-000006-002,6-2,ODOO-PROD-000006,6,2,TEMP497181,released,FALSE,2024-02-18,16.20
ODOO-VER-000006-003,6-3,ODOO-PROD-000006,6,3,TEMP497181,released,FALSE,2024-02-21,16.30
ODOO-VER-000006-004,6-4,ODOO-PROD-000006,6,4,TEMP497181,released,FALSE,2024-02-24,16.40
ODOO-VER-000006-005,6-5,ODOO-PROD-000006,6,5,TEMP497181,released,FALSE,2024-02-27,16.50
ODOO-VER-000006-006,6-6,ODOO-PROD-000006,6,6,TEMP497181,released,TRUE,2024-03-01,16.60
ODOO-VER-000007-001,7-1,ODOO-PROD-000007,7,1,TEMP248872,in_review,FALSE,2024-02-22,17.10
ODOO-VER-000007-002,7-2,ODOO-PROD-000007,7,2,TEMP248872,in_review,FALSE,2024-02-25,17.20
ODOO-VER-000007-003,7-3,ODOO-PROD-000007,7,3,TEMP248872,in_review,FALSE,2024-02-28,17.30
ODOO-VER-000007-004,7-4,ODOO-PROD-000007,7,4,TEMP248872,in_review,TRUE,2024-03-02,17.40
ODOO-VER-000008-001,8-1,ODOO-PROD-000008,8,1,TEMP171669,released,FALSE,2024-02-29,18.10
ODOO-VER-000008-002,8-2,ODOO-PROD-000008,8,2,TEMP171669,released,FALSE,2024-03-03,18.20
ODOO-VER-000008-003,8-3,ODOO-PROD-000008,8,3,TEMP171669,released,FALSE,2024-03-06,18.30
ODOO-VER-000008-004,8-4,ODOO-PROD-000008,8,4,TEMP171669,released,FALSE,2024-03-09,18.40
ODOO-VER-000008-005,8-5,ODOO-PROD-000008,8,5,TEMP171669,released,TRUE,2024-03-12,18.50
ODOO-VER-000009-001,9-1,ODOO-PROD-000009,9,1,TEMP160360,released,FALSE,2024-03-07,19.10
ODOO-VER-000009-002,9-2,ODOO-PROD-000009,9,2,TEMP160360,released,FALSE,2024-03-10,19.20
ODOO-VER-000009-003,9-3,ODOO-PROD-000009,9,3,TEMP160360,released,FALSE,2024-03-13,19.30
ODOO-VER-000009-004,9-4,ODOO-PROD-000009,9,4,TEMP160360,released,FALSE,2024-03-16,19.40
ODOO-VER-000009-005,9-5,ODOO-PROD-000009,9,5,TEMP160360,released,TRUE,2024-03-19,19.50
ODOO-VER-000010-001,10-1,ODOO-PROD-000010,10,1,TEMP154255,released,FALSE,2024-03-14,20.10
ODOO-VER-000010-002,10-2,ODOO-PROD-000010,10,2,TEMP154255,released,FALSE,2024-03-17,20.20
ODOO-VER-000010-003,10-3,ODOO-PROD-000010,10,3,TEMP154255,released,FALSE,2024-03-20,20.30
ODOO-VER-000010-004,10-4,ODOO-PROD-000010,10,4,TEMP154255,released,FALSE,2024-03-23,20.40
ODOO-VER-000010-005,10-5,ODOO-PROD-000010,10,5,TEMP154255,released,FALSE,2024-03-26,20.50
ODOO-VER-000010-006,10-6,ODOO-PROD-000010,10,6,TEMP154255,released,FALSE,2024-03-29,20.60
ODOO-VER-000010-007,10-7,ODOO-PROD-000010,10,7,TEMP154255,released,FALSE,2024-04-01,20.70
ODOO-VER-000010-008,10-8,ODOO-PROD-000010,10,8,TEMP154255,released,TRUE,2024-04-04,20.80
ODOO-VER-000011-001,11-1,ODOO-PROD-000011,11,1,TEMP79360,in_review,FALSE,2024-03-21,21.10
ODOO-VER-000011-002,11-2,ODOO-PROD-000011,11,2,TEMP79360,in_review,FALSE,2024-03-24,21.20
ODOO-VER-000011-003,11-3,ODOO-PROD-000011,11,3,TEMP79360,in_review,FALSE,2024-03-27,21.30
ODOO-VER-000011-004,11-4,ODOO-PROD-000011,11,4,TEMP79360,in_review,TRUE,2024-03-30,21.40
ODOO-VER-000012-001,12-1,ODOO-PROD-000012,12,1,TEMP75793,released,FALSE,2024-03-28,22.10
ODOO-VER-000012-002,12-2,ODOO-PROD-000012,12,2,TEMP75793,released,FALSE,2024-03-31,22.20
ODOO-VER-000012-003,12-3,ODOO-PROD-000012,12,3,TEMP75793,released,FALSE,2024-04-03,22.30
ODOO-VER-000012-004,12-4,ODOO-PROD-000012,12,4,TEMP75793,released,FALSE,2024-04-06,22.40
ODOO-VER-000012-005,12-5,ODOO-PROD-000012,12,5,TEMP75793,released,FALSE,2024-04-09,22.50
ODOO-VER-000012-006,12-6,ODOO-PROD-000012,12,6,TEMP75793,released,TRUE,2024-04-12,22.60
ODOO-VER-000013-001,13-1,ODOO-PROD-000013,13,1,HEX NUT GRADEC_ISO,released,FALSE,2024-04-04,23.10
ODOO-VER-000013-002,13-2,ODOO-PROD-000013,13,2,HEX NUT GRADEC_ISO,released,FALSE,2024-04-07,23.20
ODOO-VER-000013-003,13-3,ODOO-PROD-000013,13,3,HEX NUT GRADEC_ISO,released,FALSE,2024-04-10,23.30
ODOO-VER-000013-004,13-4,ODOO-PROD-000013,13,4,HEX NUT GRADEC_ISO,released,FALSE,2024-04-13,23.40
ODOO-VER-000013-005,13-5,ODOO-PROD-000013,13,5,HEX NUT GRADEC_ISO,released,FALSE,2024-04-16,23.50
ODOO-VER-000013-006,13-6,ODOO-PROD-000013,13,6,HEX NUT GRADEC_ISO,released,FALSE,2024-04-19,23.60
ODOO-VER-000013-007,13-7,ODOO-PROD-000013,13,7,HEX NUT GRADEC_ISO,released,FALSE,2024-04-22,23.70
ODOO-VER-000013-008,13-8,ODOO-PROD-000013,13,8,HEX NUT GRADEC_ISO,released,FALSE,2024-04-25,23.80
ODOO-VER-000013-009,13-9,ODOO-PROD-000013,13,9,HEX NUT GRADEC_ISO,released,FALSE,2024-04-28,23.90
ODOO-VER-000013-010,13-10,ODOO-PROD-000013,13,10,HEX NUT GRADEC_ISO,released,TRUE,2024-05-01,24.00
ODOO-VER-000014-001,14-1,ODOO-PROD-000014,14,1,200104,in_review,FALSE,2024-04-11,24.10
ODOO-VER-000014-002,14-2,ODOO-PROD-000014,14,2,200104,in_review,FALSE,2024-04-14,24.20
ODOO-VER-000014-003,14-3,ODOO-PROD-000014,14,3,200104,in_review,FALSE,2024-04-17,24.30
ODOO-VER-000014-004,14-4,ODOO-PROD-000014,14,4,200104,in_review,FALSE,2024-04-20,24.40
ODOO-VER-000014-005,14-5,ODOO-PROD-000014,14,5,200104,in_review,FALSE,2024-04-23,24.50
ODOO-VER-000014-006,14-6,ODOO-PROD-000014,14,6,200104,in_review,FALSE,2024-04-26,24.60
ODOO-VER-000014-025,14-25,ODOO-PROD-000014,14,25,200104,in_review,FALSE,2024-06-22,24.80
ODOO-VER-000014-026,14-26,ODOO-PROD-000014,14,26,200104,in_review,TRUE,2024-06-25,24.90
ODOO-VER-000014-019,14-19,ODOO-PROD-000014,14,19,200104,in_review,FALSE,2024-06-04,24.20
ODOO-VER-000014-020,14-20,ODOO-PROD-000014,14,20,200104,in_review,FALSE,2024-06-07,24.30
ODOO-VER-000014-021,14-21,ODOO-PROD-000014,14,21,200104,in_review,FALSE,2024-06-10,24.40
ODOO-VER-000014-022,14-22,ODOO-PROD-000014,14,22,200104,in_review,FALSE,2024-06-13,24.50
ODOO-VER-000014-023,14-23,ODOO-PROD-000014,14,23,200104,in_review,FALSE,2024-06-16,24.60
ODOO-VER-000014-024,14-24,ODOO-PROD-000014,14,24,200104,in_review,FALSE,2024-06-19,24.70
ODOO-VER-000014-013,14-13,ODOO-PROD-000014,14,13,200104,in_review,FALSE,2024-05-17,25.30
ODOO-VER-000014-014,14-14,ODOO-PROD-000014,14,14,200104,in_review,FALSE,2024-05-20,25.40
ODOO-VER-000014-015,14-15,ODOO-PROD-000014,14,15,200104,in_review,FALSE,2024-05-23,25.50
ODOO-VER-000014-016,14-16,ODOO-PROD-000014,14,16,200104,in_review,FALSE,2024-05-26,25.60
ODOO-VER-000014-017,14-17,ODOO-PROD-000014,14,17,200104,in_review,FALSE,2024-05-29,24.00
ODOO-VER-000014-018,14-18,ODOO-PROD-000014,14,18,200104,in_review,FALSE,2024-06-01,24.10
ODOO-VER-000014-007,14-7,ODOO-PROD-000014,14,7,200104,in_review,FALSE,2024-04-29,24.70
ODOO-VER-000014-008,14-8,ODOO-PROD-000014,14,8,200104,in_review,FALSE,2024-05-02,24.80
ODOO-VER-000014-009,14-9,ODOO-PROD-000014,14,9,200104,in_review,FALSE,2024-05-05,24.90
ODOO-VER-000014-010,14-10,ODOO-PROD-000014,14,10,200104,in_review,FALSE,2024-05-08,25.00
ODOO-VER-000014-011,14-11,ODOO-PROD-000014,14,11,200104,in_review,FALSE,2024-05-11,25.10
ODOO-VER-000014-012,14-12,ODOO-PROD-000014,14,12,200104,in_review,FALSE,2024-05-14,25.20
ODOO-VER-000015-001,15-1,ODOO-PROD-000015,15,1,200069,released,FALSE,2024-04-18,25.10
ODOO-VER-000015-032,15-32,ODOO-PROD-000015,15,32,200069,released,TRUE,2024-07-20,26.50
ODOO-VER-000015-026,15-26,ODOO-PROD-000015,15,26,200069,released,FALSE,2024-07-02,25.90
ODOO-VER-000015-027,15-27,ODOO-PROD-000015,15,27,200069,released,FALSE,2024-07-05,26.00
ODOO-VER-000015-028,15-28,ODOO-PROD-000015,15,28,200069,released,FALSE,2024-07-08,26.10
ODOO-VER-000015-029,15-29,ODOO-PROD-000015,15,29,200069,released,FALSE,2024-07-11,26.20
ODOO-VER-000015-030,15-30,ODOO-PROD-000015,15,30,200069,released,FALSE,2024-07-14,26.30
ODOO-VER-000015-031,15-31,ODOO-PROD-000015,15,31,200069,released,FALSE,2024-07-17,26.40
ODOO-VER-000015-020,15-20,ODOO-PROD-000015,15,20,200069,released,FALSE,2024-06-14,25.30
ODOO-VER-000015-021,15-21,ODOO-PROD-000015,15,21,200069,released,FALSE,2024-06-17,25.40
ODOO-VER-000015-022,15-22,ODOO-PROD-000015,15,22,200069,released,FALSE,2024-06-20,25.50
ODOO-VER-000015-023,15-23,ODOO-PROD-000015,15,23,200069,released,FALSE,2024-06-23,25.60
ODOO-VER-000015-024,15-24,ODOO-PROD-000015,15,24,200069,released,FALSE,2024-06-26,25.70
ODOO-VER-000015-025,15-25,ODOO-PROD-000015,15,25,200069,released,FALSE,2024-06-29,25.80
ODOO-VER-000015-014,15-14,ODOO-PROD-000015,15,14,200069,released,FALSE,2024-05-27,26.40
ODOO-VER-000015-015,15-15,ODOO-PROD-000015,15,15,200069,released,FALSE,2024-05-30,26.50
ODOO-VER-000015-016,15-16,ODOO-PROD-000015,15,16,200069,released,FALSE,2024-06-02,26.60
ODOO-VER-000015-017,15-17,ODOO-PROD-000015,15,17,200069,released,FALSE,2024-06-05,25.00
ODOO-VER-000015-018,15-18,ODOO-PROD-000015,15,18,200069,released,FALSE,2024-06-08,25.10
ODOO-VER-000015-019,15-19,ODOO-PROD-000015,15,19,200069,released,FALSE,2024-06-11,25.20
ODOO-VER-000015-008,15-8,ODOO-PROD-000015,15,8,200069,released,FALSE,2024-05-09,25.80
ODOO-VER-000015-009,15-9,ODOO-PROD-000015,15,9,200069,released,FALSE,2024-05-12,25.90
ODOO-VER-000015-010,15-10,ODOO-PROD-000015,15,10,200069,released,FALSE,2024-05-15,26.00
ODOO-VER-000015-011,15-11,ODOO-PROD-000015,15,11,200069,released,FALSE,2024-05-18,26.10
ODOO-VER-000015-012,15-12,ODOO-PROD-000015,15,12,200069,released,FALSE,2024-05-21,26.20
ODOO-VER-000015-013,15-13,ODOO-PROD-000015,15,13,200069,released,FALSE,2024-05-24,26.30
ODOO-VER-000015-002,15-2,ODOO-PROD-000015,15,2,200069,released,FALSE,2024-04-21,25.20
ODOO-VER-000015-003,15-3,ODOO-PROD-000015,15,3,200069,released,FALSE,2024-04-24,25.30
ODOO-VER-000015-004,15-4,ODOO-PROD-000015,15,4,200069,released,FALSE,2024-04-27,25.40
ODOO-VER-000015-005,15-5,ODOO-PROD-000015,15,5,200069,released,FALSE,2024-04-30,25.50
ODOO-VER-000015-006,15-6,ODOO-PROD-000015,15,6,200069,released,FALSE,2024-05-03,25.60
ODOO-VER-000015-007,15-7,ODOO-PROD-000015,15,7,200069,released,FALSE,2024-05-06,25.70
ODOO-VER-001022-001,1022-1,ODOO-PROD-001022,1022,1,200081,released,FALSE,2024-06-06,62.10
ODOO-VER-001022-002,1022-2,ODOO-PROD-001022,1022,2,200081,released,TRUE,2024-06-09,62.20
ODOO-VER-001023-001,1023-1,ODOO-PROD-001023,1023,1,200108,in_review,FALSE,2024-06-13,63.10
ODOO-VER-001023-002,1023-2,ODOO-PROD-001023,1023,2,200108,in_review,FALSE,2024-06-16,63.20
ODOO-VER-001023-003,1023-3,ODOO-PROD-001023,1023,3,200108,in_review,FALSE,2024-06-19,63.30
ODOO-VER-001023-004,1023-4,ODOO-PROD-001023,1023,4,200108,in_review,TRUE,2024-06-22,63.40
ODOO-VER-001024-001,1024-1,ODOO-PROD-001024,1024,1,COPY OF 200080,in_review,TRUE,2024-06-20,64.10
ODOO-VER-001025-001,1025-1,ODOO-PROD-001025,1025,1,200106,released,FALSE,2024-06-27,65.10
ODOO-VER-001025-002,1025-2,ODOO-PROD-001025,1025,2,200106,released,FALSE,2024-06-30,65.20
ODOO-VER-001025-003,1025-3,ODOO-PROD-001025,1025,3,200106,released,FALSE,2024-07-03,65.30
ODOO-VER-001025-004,1025-4,ODOO-PROD-001025,1025,4,200106,released,FALSE,2024-07-06,65.40
ODOO-VER-001025-005,1025-5,ODOO-PROD-001025,1025,5,200106,released,FALSE,2024-07-09,65.50
ODOO-VER-001025-006,1025-6,ODOO-PROD-001025,1025,6,200106,released,TRUE,2024-07-12,65.60
ODOO-VER-001027-001,1027-1,ODOO-PROD-001027,1027,1,COPY OF TEMP581055,draft,FALSE,2024-07-11,67.10
ODOO-VER-001027-002,1027-2,ODOO-PROD-001027,1027,2,COPY OF TEMP581055,draft,TRUE,2024-07-14,67.20
ODOO-VER-001029-001,1029-1,ODOO-PROD-001029,1029,1,TEST,draft,FALSE,2024-07-25,69.10
ODOO-VER-001029-002,1029-2,ODOO-PROD-001029,1029,2,TEST,draft,FALSE,2024-07-28,69.20
ODOO-VER-001029-003,1029-3,ODOO-PROD-001029,1029,3,TEST,draft,FALSE,2024-07-31,69.30
ODOO-VER-001029-004,1029-4,ODOO-PROD-001029,1029,4,TEST,draft,TRUE,2024-08-03,69.40
ODOO-VER-001030-001,1030-1,ODOO-PROD-001030,1030,1,COPY OF TEST,released,FALSE,2024-08-01,70.10
ODOO-VER-001030-002,1030-2,ODOO-PROD-001030,1030,2,COPY OF TEST,released,FALSE,2024-08-04,70.20
ODOO-VER-001030-003,1030-3,ODOO-PROD-001030,1030,3,COPY OF TEST,released,TRUE,2024-08-07,70.30
ODOO-VER-001031-001,1031-1,ODOO-PROD-001031,1031,1,COPY OF COPY OF TEST,in_review,FALSE,2024-08-08,71.10
ODOO-VER-001031-002,1031-2,ODOO-PROD-001031,1031,2,COPY OF COPY OF TEST,in_review,FALSE,2024-08-11,71.20
ODOO-VER-001031-003,1031-3,ODOO-PROD-001031,1031,3,COPY OF COPY OF TEST,in_review,TRUE,2024-08-14,71.30
ODOO-VER-001032-001,1032-1,ODOO-PROD-001032,1032,1,210875,released,FALSE,2024-08-15,72.10
ODOO-VER-001032-002,1032-2,ODOO-PROD-001032,1032,2,210875,released,FALSE,2024-08-18,72.20
ODOO-VER-001032-003,1032-3,ODOO-PROD-001032,1032,3,210875,released,FALSE,2024-08-21,72.30
ODOO-VER-001032-004,1032-4,ODOO-PROD-001032,1032,4,210875,released,FALSE,2024-08-24,72.40
ODOO-VER-001032-005,1032-5,ODOO-PROD-001032,1032,5,210875,released,FALSE,2024-08-27,72.50
ODOO-VER-001032-006,1032-6,ODOO-PROD-001032,1032,6,210875,released,FALSE,2024-08-30,72.60
ODOO-VER-001032-007,1032-7,ODOO-PROD-001032,1032,7,210875,released,TRUE,2024-09-02,72.70
ODOO-VER-001033-001,1033-1,ODOO-PROD-001033,1033,1,COPY OF COPY (2) OF COPY OF TEST,in_review,FALSE,2024-08-22,73.10
ODOO-VER-001033-002,1033-2,ODOO-PROD-001033,1033,2,COPY OF COPY (2) OF COPY OF TEST,in_review,FALSE,2024-08-25,73.20
ODOO-VER-001033-003,1033-3,ODOO-PROD-001033,1033,3,COPY OF COPY (2) OF COPY OF TEST,in_review,TRUE,2024-08-28,73.30
ODOO-VER-001034-001,1034-1,ODOO-PROD-001034,1034,1,COPY OF COPY OF COPY (2) OF COPY OF TEST,in_review,FALSE,2024-08-29,74.10
ODOO-VER-001034-002,1034-2,ODOO-PROD-001034,1034,2,COPY OF COPY OF COPY (2) OF COPY OF TEST,in_review,FALSE,2024-09-01,74.20
ODOO-VER-001034-003,1034-3,ODOO-PROD-001034,1034,3,COPY OF COPY OF COPY (2) OF COPY OF TEST,in_review,TRUE,2024-09-04,74.30
ODOO-VER-001035-001,1035-1,ODOO-PROD-001035,1035,1,COPY OF COPY OF COPY OF COPY (2) OF COPY OF TEST,in_review,FALSE,2024-09-05,75.10
ODOO-VER-001035-002,1035-2,ODOO-PROD-001035,1035,2,COPY OF COPY OF COPY OF COPY (2) OF COPY OF TEST,in_review,FALSE,2024-09-08,75.20
ODOO-VER-001035-003,1035-3,ODOO-PROD-001035,1035,3,COPY OF COPY OF COPY OF COPY (2) OF COPY OF TEST,in_review,TRUE,2024-09-11,75.30
ODOO-VER-001036-001,1036-1,ODOO-PROD-001036,1036,1,COPY (2) OF TEMP581055,in_review,FALSE,2024-09-12,76.10
ODOO-VER-001036-002,1036-2,ODOO-PROD-001036,1036,2,COPY (2) OF TEMP581055,in_review,FALSE,2024-09-15,76.20
ODOO-VER-001036-003,1036-3,ODOO-PROD-001036,1036,3,COPY (2) OF TEMP581055,in_review,FALSE,2024-09-18,76.30
ODOO-VER-001036-004,1036-4,ODOO-PROD-001036,1036,4,COPY (2) OF TEMP581055,in_review,FALSE,2024-09-21,76.40
ODOO-VER-001036-005,1036-5,ODOO-PROD-001036,1036,5,COPY (2) OF TEMP581055,in_review,FALSE,2024-09-24,76.50
ODOO-VER-001036-006,1036-6,ODOO-PROD-001036,1036,6,COPY (2) OF TEMP581055,in_review,TRUE,2024-09-27,76.60
ODOO-VER-001038-001,1038-1,ODOO-PROD-001038,1038,1,COPY (2) OF COPY OF COPY OF COPY (2) OF COPY OF TEST,draft,FALSE,2024-09-26,78.10
ODOO-VER-001038-002,1038-2,ODOO-PROD-001038,1038,2,COPY (2) OF COPY OF COPY OF COPY (2) OF COPY OF TEST,draft,TRUE,2024-09-29,78.20
ODOO-VER-001039-001,1039-1,ODOO-PROD-001039,1039,1,COPY (2) OF COPY (2) OF COPY OF TEST,in_review,FALSE,2024-10-03,79.10
ODOO-VER-001039-002,1039-2,ODOO-PROD-001039,1039,2,COPY (2) OF COPY (2) OF COPY OF TEST,in_review,FALSE,2024-10-06,79.20
ODOO-VER-001039-003,1039-3,ODOO-PROD-001039,1039,3,COPY (2) OF COPY (2) OF COPY OF TEST,in_review,TRUE,2024-10-09,79.30
ODOO-VER-001040-001,1040-1,ODOO-PROD-001040,1040,1,COPY OF 200108,in_review,FALSE,2024-10-10,80.10
ODOO-VER-001040-002,1040-2,ODOO-PROD-001040,1040,2,COPY OF 200108,in_review,FALSE,2024-10-13,80.20
ODOO-VER-001040-003,1040-3,ODOO-PROD-001040,1040,3,COPY OF 200108,in_review,TRUE,2024-10-16,80.30
ODOO-VER-001041-001,1041-1,ODOO-PROD-001041,1041,1,COPY (2) OF 200108,draft,FALSE,2024-10-17,81.10
ODOO-VER-001041-002,1041-2,ODOO-PROD-001041,1041,2,COPY (2) OF 200108,draft,FALSE,2024-10-20,81.20
ODOO-VER-001041-003,1041-3,ODOO-PROD-001041,1041,3,COPY (2) OF 200108,draft,FALSE,2024-10-23,81.30
ODOO-VER-001041-004,1041-4,ODOO-PROD-001041,1041,4,COPY (2) OF 200108,draft,FALSE,2024-10-26,81.40
ODOO-VER-001041-005,1041-5,ODOO-PROD-001041,1041,5,COPY (2) OF 200108,draft,TRUE,2024-10-29,81.50
ODOO-VER-001042-001,1042-1,ODOO-PROD-001042,1042,1,200186,in_review,FALSE,2024-10-24,82.10
ODOO-VER-001042-002,1042-2,ODOO-PROD-001042,1042,2,200186,in_review,FALSE,2024-10-27,82.20
ODOO-VER-001042-003,1042-3,ODOO-PROD-001042,1042,3,200186,in_review,TRUE,2024-10-30,82.30
ODOO-VER-001043-001,1043-1,ODOO-PROD-001043,1043,1,COPY OF 200106,draft,TRUE,2024-10-31,83.10
ODOO-VER-001044-001,1044-1,ODOO-PROD-001044,1044,1,200187,in_review,FALSE,2024-11-07,84.10
ODOO-VER-001044-002,1044-2,ODOO-PROD-001044,1044,2,200187,in_review,FALSE,2024-11-10,84.20
ODOO-VER-001044-003,1044-3,ODOO-PROD-001044,1044,3,200187,in_review,TRUE,2024-11-13,84.30
ODOO-VER-002043-001,2043-1,ODOO-PROD-002043,2043,1,210873,in_review,FALSE,2024-10-31,16.10
ODOO-VER-002043-002,2043-2,ODOO-PROD-002043,2043,2,210873,in_review,FALSE,2024-11-03,16.20
ODOO-VER-002043-003,2043-3,ODOO-PROD-002043,2043,3,210873,in_review,FALSE,2024-11-06,16.30
ODOO-VER-002043-004,2043-4,ODOO-PROD-002043,2043,4,210873,in_review,FALSE,2024-11-09,16.40
ODOO-VER-002043-005,2043-5,ODOO-PROD-002043,2043,5,210873,in_review,FALSE,2024-11-12,16.50
ODOO-VER-002043-006,2043-6,ODOO-PROD-002043,2043,6,210873,in_review,FALSE,2024-11-15,16.60
ODOO-VER-002043-019,2043-19,ODOO-PROD-002043,2043,19,210873,in_review,FALSE,2024-12-24,16.20
ODOO-VER-002043-020,2043-20,ODOO-PROD-002043,2043,20,210873,in_review,FALSE,2024-12-27,16.30
ODOO-VER-002043-021,2043-21,ODOO-PROD-002043,2043,21,210873,in_review,TRUE,2024-12-30,16.40
ODOO-VER-002043-013,2043-13,ODOO-PROD-002043,2043,13,210873,in_review,FALSE,2024-12-06,17.30
ODOO-VER-002043-014,2043-14,ODOO-PROD-002043,2043,14,210873,in_review,FALSE,2024-12-09,17.40
ODOO-VER-002043-015,2043-15,ODOO-PROD-002043,2043,15,210873,in_review,FALSE,2024-12-12,17.50
ODOO-VER-002043-016,2043-16,ODOO-PROD-002043,2043,16,210873,in_review,FALSE,2024-12-15,17.60
ODOO-VER-002043-017,2043-17,ODOO-PROD-002043,2043,17,210873,in_review,FALSE,2024-12-18,16.00
ODOO-VER-002043-018,2043-18,ODOO-PROD-002043,2043,18,210873,in_review,FALSE,2024-12-21,16.10
ODOO-VER-002043-007,2043-7,ODOO-PROD-002043,2043,7,210873,in_review,FALSE,2024-11-18,16.70
ODOO-VER-002043-008,2043-8,ODOO-PROD-002043,2043,8,210873,in_review,FALSE,2024-11-21,16.80
ODOO-VER-002043-009,2043-9,ODOO-PROD-002043,2043,9,210873,in_review,FALSE,2024-11-24,16.90
ODOO-VER-002043-010,2043-10,ODOO-PROD-002043,2043,10,210873,in_review,FALSE,2024-11-27,17.00
ODOO-VER-002043-011,2043-11,ODOO-PROD-002043,2043,11,210873,in_review,FALSE,2024-11-30,17.10
ODOO-VER-002043-012,2043-12,ODOO-PROD-002043,2043,12,210873,in_review,FALSE,2024-12-03,17.20
ODOO-VER-002060-001,2060-1,ODOO-PROD-002060,2060,1,210877,released,FALSE,2025-02-27,33.10
ODOO-VER-002060-002,2060-2,ODOO-PROD-002060,2060,2,210877,released,FALSE,2025-03-02,33.20
ODOO-VER-002060-003,2060-3,ODOO-PROD-002060,2060,3,210877,released,TRUE,2025-03-05,33.30
ODOO-VER-002061-001,2061-1,ODOO-PROD-002061,2061,1,210878,released,FALSE,2025-03-06,34.10
ODOO-VER-002061-002,2061-2,ODOO-PROD-002061,2061,2,210878,released,FALSE,2025-03-09,34.20
ODOO-VER-002061-003,2061-3,ODOO-PROD-002061,2061,3,210878,released,FALSE,2025-03-12,34.30
ODOO-VER-002061-004,2061-4,ODOO-PROD-002061,2061,4,210878,released,FALSE,2025-03-15,34.40
ODOO-VER-002061-005,2061-5,ODOO-PROD-002061,2061,5,210878,released,FALSE,2025-03-18,34.50
ODOO-VER-002061-006,2061-6,ODOO-PROD-002061,2061,6,210878,released,TRUE,2025-03-21,34.60
ODOO-VER-002062-001,2062-1,ODOO-PROD-002062,2062,1,210876,released,FALSE,2025-03-13,35.10
ODOO-VER-002062-002,2062-2,ODOO-PROD-002062,2062,2,210876,released,FALSE,2025-03-16,35.20
ODOO-VER-002062-003,2062-3,ODOO-PROD-002062,2062,3,210876,released,FALSE,2025-03-19,35.30
ODOO-VER-002062-004,2062-4,ODOO-PROD-002062,2062,4,210876,released,TRUE,2025-03-22,35.40
ODOO-VER-002063-001,2063-1,ODOO-PROD-002063,2063,1,219052,in_review,FALSE,2025-03-20,36.10
ODOO-VER-002063-002,2063-2,ODOO-PROD-002063,2063,2,219052,in_review,FALSE,2025-03-23,36.20
ODOO-VER-002063-003,2063-3,ODOO-PROD-002063,2063,3,219052,in_review,FALSE,2025-03-26,36.30
ODOO-VER-002063-004,2063-4,ODOO-PROD-002063,2063,4,219052,in_review,FALSE,2025-03-29,36.40
ODOO-VER-002063-005,2063-5,ODOO-PROD-002063,2063,5,219052,in_review,FALSE,2025-04-01,36.50
ODOO-VER-002063-006,2063-6,ODOO-PROD-002063,2063,6,219052,in_review,FALSE,2025-04-04,36.60
ODOO-VER-002063-013,2063-13,ODOO-PROD-002063,2063,13,219052,in_review,FALSE,2025-04-25,37.30
ODOO-VER-002063-014,2063-14,ODOO-PROD-002063,2063,14,219052,in_review,TRUE,2025-04-28,37.40
ODOO-VER-002063-007,2063-7,ODOO-PROD-002063,2063,7,219052,in_review,FALSE,2025-04-07,36.70
ODOO-VER-002063-008,2063-8,ODOO-PROD-002063,2063,8,219052,in_review,FALSE,2025-04-10,36.80
ODOO-VER-002063-009,2063-9,ODOO-PROD-002063,2063,9,219052,in_review,FALSE,2025-04-13,36.90
ODOO-VER-002063-010,2063-10,ODOO-PROD-002063,2063,10,219052,in_review,FALSE,2025-04-16,37.00
ODOO-VER-002063-011,2063-11,ODOO-PROD-002063,2063,11,219052,in_review,FALSE,2025-04-19,37.10
ODOO-VER-002063-012,2063-12,ODOO-PROD-002063,2063,12,219052,in_review,FALSE,2025-04-22,37.20
ODOO-VER-002069-001,2069-1,ODOO-PROD-002069,2069,1,TEMP566999,in_review,FALSE,2025-05-01,42.10
ODOO-VER-002069-002,2069-2,ODOO-PROD-002069,2069,2,TEMP566999,in_review,TRUE,2025-05-04,42.20
ODOO-VER-002070-001,2070-1,ODOO-PROD-002070,2070,1,COPY OF TEMP566999,draft,TRUE,2025-05-08,43.10
ODOO-VER-002071-001,2071-1,ODOO-PROD-002071,2071,1,COPY (2) OF TEMP566999,draft,TRUE,2025-05-15,44.10
ODOO-VER-002072-001,2072-1,ODOO-PROD-002072,2072,1,COPY (3) OF TEMP566999,draft,TRUE,2025-05-22,45.10
ODOO-VER-002073-001,2073-1,ODOO-PROD-002073,2073,1,COPY OF TEMP566662,draft,TRUE,2025-05-29,46.10
ODOO-VER-002074-001,2074-1,ODOO-PROD-002074,2074,1,VIRTUAL DOCUMENT.SLDPRT,draft,TRUE,2025-06-05,47.10
ODOO-VER-002075-001,2075-1,ODOO-PROD-002075,2075,1,NEW MICROSOFT EXCEL WORKSHEET,draft,TRUE,2025-06-12,48.10
ODOO-VER-002076-001,2076-1,ODOO-PROD-002076,2076,1,COPY (2) OF TEMP566662,draft,TRUE,2025-06-19,49.10
ODOO-VER-002077-001,2077-1,ODOO-PROD-002077,2077,1,COPY (3) OF TEMP566662,draft,TRUE,2025-06-26,50.10
ODOO-VER-002078-001,2078-1,ODOO-PROD-002078,2078,1,COPY OF 200046,draft,TRUE,2025-07-03,51.10
ODOO-VER-002079-001,2079-1,ODOO-PROD-002079,2079,1,COPY OF COPY OF 200046,draft,TRUE,2025-07-10,52.10
ODOO-VER-002080-001,2080-1,ODOO-PROD-002080,2080,1,COPY (2) OF 200046,draft,TRUE,2025-07-17,53.10
ODOO-VER-002083-001,2083-1,ODOO-PROD-002083,2083,1,COPY (3) OF 200046,draft,FALSE,2025-08-07,56.10
ODOO-VER-002083-002,2083-2,ODOO-PROD-002083,2083,2,COPY (3) OF 200046,draft,TRUE,2025-08-10,56.20
ODOO-VER-002086-001,2086-1,ODOO-PROD-002086,2086,1,COPY (4) OF 200046,draft,TRUE,2025-08-28,59.10
ODOO-VER-002087-001,2087-1,ODOO-PROD-002087,2087,1,NEW MICROSOFT EXCEL WORKSHEET (2),draft,TRUE,2025-09-04,60.10
ODOO-VER-002088-001,2088-1,ODOO-PROD-002088,2088,1,COPY (5) OF 200046,draft,TRUE,2025-09-11,61.10
ODOO-VER-002089-001,2089-1,ODOO-PROD-002089,2089,1,COPY (6) OF 200046,draft,TRUE,2025-09-18,62.10
ODOO-VER-002090-001,2090-1,ODOO-PROD-002090,2090,1,212919,released,FALSE,2025-09-25,63.10
ODOO-VER-002090-002,2090-2,ODOO-PROD-002090,2090,2,212919,released,FALSE,2025-09-28,63.20
ODOO-VER-002090-003,2090-3,ODOO-PROD-002090,2090,3,212919,released,FALSE,2025-10-01,63.30
ODOO-VER-002090-004,2090-4,ODOO-PROD-002090,2090,4,212919,released,FALSE,2025-10-04,63.40
ODOO-VER-002090-005,2090-5,ODOO-PROD-002090,2090,5,212919,released,TRUE,2025-10-07,63.50
ODOO-VER-002093-001,2093-1,ODOO-PROD-002093,2093,1,212928,released,FALSE,2025-10-16,66.10
ODOO-VER-002093-002,2093-2,ODOO-PROD-002093,2093,2,212928,released,FALSE,2025-10-19,66.20
ODOO-VER-002093-003,2093-3,ODOO-PROD-002093,2093,3,212928,released,FALSE,2025-10-22,66.30
ODOO-VER-002093-004,2093-4,ODOO-PROD-002093,2093,4,212928,released,FALSE,2025-10-25,66.40
ODOO-VER-002093-005,2093-5,ODOO-PROD-002093,2093,5,212928,released,FALSE,2025-10-28,66.50
ODOO-VER-002093-006,2093-6,ODOO-PROD-002093,2093,6,212928,released,FALSE,2025-10-31,66.60
ODOO-VER-002093-007,2093-7,ODOO-PROD-002093,2093,7,212928,released,FALSE,2025-11-03,66.70
ODOO-VER-002093-008,2093-8,ODOO-PROD-002093,2093,8,212928,released,FALSE,2025-11-06,66.80
ODOO-VER-002093-009,2093-9,ODOO-PROD-002093,2093,9,212928,released,FALSE,2025-11-09,66.90
ODOO-VER-002093-010,2093-10,ODOO-PROD-002093,2093,10,212928,released,FALSE,2025-11-12,67.00
ODOO-VER-002093-011,2093-11,ODOO-PROD-002093,2093,11,212928,released,TRUE,2025-11-15,67.10
ODOO-VER-002095-001,2095-1,ODOO-PROD-002095,2095,1,212929,in_review,FALSE,2025-10-30,68.10
ODOO-VER-002095-002,2095-2,ODOO-PROD-002095,2095,2,212929,in_review,FALSE,2025-11-02,68.20
ODOO-VER-002095-003,2095-3,ODOO-PROD-002095,2095,3,212929,in_review,FALSE,2025-11-05,68.30
ODOO-VER-002095-004,2095-4,ODOO-PROD-002095,2095,4,212929,in_review,FALSE,2025-11-08,68.40
ODOO-VER-002095-005,2095-5,ODOO-PROD-002095,2095,5,212929,in_review,TRUE,2025-11-11,68.50
ODOO-VER-002097-001,2097-1,ODOO-PROD-002097,2097,1,212930,in_review,FALSE,2025-11-13,70.10
ODOO-VER-002097-002,2097-2,ODOO-PROD-002097,2097,2,212930,in_review,FALSE,2025-11-16,70.20
ODOO-VER-002097-003,2097-3,ODOO-PROD-002097,2097,3,212930,in_review,FALSE,2025-11-19,70.30
ODOO-VER-002097-004,2097-4,ODOO-PROD-002097,2097,4,212930,in_review,TRUE,2025-11-22,70.40
ODOO-VER-002100-001,2100-1,ODOO-PROD-002100,2100,1,212939,released,FALSE,2024-01-04,73.10
ODOO-VER-002100-002,2100-2,ODOO-PROD-002100,2100,2,212939,released,FALSE,2024-01-07,73.20
ODOO-VER-002100-003,2100-3,ODOO-PROD-002100,2100,3,212939,released,FALSE,2024-01-10,73.30
ODOO-VER-002100-004,2100-4,ODOO-PROD-002100,2100,4,212939,released,FALSE,2024-01-13,73.40
ODOO-VER-002100-005,2100-5,ODOO-PROD-002100,2100,5,212939,released,TRUE,2024-01-16,73.50
ODOO-VER-002103-001,2103-1,ODOO-PROD-002103,2103,1,PART1,in_review,FALSE,2024-01-25,76.10
ODOO-VER-002103-002,2103-2,ODOO-PROD-002103,2103,2,PART1,in_review,FALSE,2024-01-28,76.20
ODOO-VER-002103-003,2103-3,ODOO-PROD-002103,2103,3,PART1,in_review,FALSE,2024-01-31,76.30
ODOO-VER-002103-004,2103-4,ODOO-PROD-002103,2103,4,PART1,in_review,FALSE,2024-02-03,76.40
ODOO-VER-002103-005,2103-5,ODOO-PROD-002103,2103,5,PART1,in_review,TRUE,2024-02-06,76.50
ODOO-VER-002104-001,2104-1,ODOO-PROD-002104,2104,1,23232323232323,released,FALSE,2024-02-01,77.10
ODOO-VER-002104-002,2104-2,ODOO-PROD-002104,2104,2,23232323232323,released,FALSE,2024-02-04,77.20
ODOO-VER-002104-003,2104-3,ODOO-PROD-002104,2104,3,23232323232323,released,FALSE,2024-02-07,77.30
ODOO-VER-002104-004,2104-4,ODOO-PROD-002104,2104,4,23232323232323,released,FALSE,2024-02-10,77.40
ODOO-VER-002104-005,2104-5,ODOO-PROD-002104,2104,5,23232323232323,released,TRUE,2024-02-13,77.50
ODOO-VER-002107-001,2107-1,ODOO-PROD-002107,2107,1,COPY OF 212931,released,FALSE,2024-02-22,80.10
ODOO-VER-002107-002,2107-2,ODOO-PROD-002107,2107,2,COPY OF 212931,released,FALSE,2024-02-25,80.20
ODOO-VER-002107-003,2107-3,ODOO-PROD-002107,2107,3,COPY OF 212931,released,FALSE,2024-02-28,80.30
ODOO-VER-002107-004,2107-4,ODOO-PROD-002107,2107,4,COPY OF 212931,released,TRUE,2024-03-02,80.40
ODOO-VER-002110-001,2110-1,ODOO-PROD-002110,2110,1,212933,released,FALSE,2024-03-14,83.10
ODOO-VER-002110-002,2110-2,ODOO-PROD-002110,2110,2,212933,released,FALSE,2024-03-17,83.20
ODOO-VER-002110-003,2110-3,ODOO-PROD-002110,2110,3,212933,released,TRUE,2024-03-20,83.30
ODOO-VER-002112-001,2112-1,ODOO-PROD-002112,2112,1,212934,in_review,FALSE,2024-03-28,85.10
ODOO-VER-002112-002,2112-2,ODOO-PROD-002112,2112,2,212934,in_review,FALSE,2024-03-31,85.20
ODOO-VER-002112-003,2112-3,ODOO-PROD-002112,2112,3,212934,in_review,FALSE,2024-04-03,85.30
ODOO-VER-002112-004,2112-4,ODOO-PROD-002112,2112,4,212934,in_review,TRUE,2024-04-06,85.40
ODOO-VER-002114-001,2114-1,ODOO-PROD-002114,2114,1,212935,in_review,FALSE,2024-04-11,87.10
ODOO-VER-002114-002,2114-2,ODOO-PROD-002114,2114,2,212935,in_review,FALSE,2024-04-14,87.20
ODOO-VER-002114-003,2114-3,ODOO-PROD-002114,2114,3,212935,in_review,TRUE,2024-04-17,87.30
ODOO-VER-002116-001,2116-1,ODOO-PROD-002116,2116,1,COPY (2) OF 212930,draft,FALSE,2024-04-25,89.10
ODOO-VER-002116-002,2116-2,ODOO-PROD-002116,2116,2,COPY (2) OF 212930,draft,TRUE,2024-04-28,89.20
ODOO-VER-002117-001,2117-1,ODOO-PROD-002117,2117,1,212936,released,FALSE,2024-05-02,90.10
ODOO-VER-002117-002,2117-2,ODOO-PROD-002117,2117,2,212936,released,FALSE,2024-05-05,90.20
ODOO-VER-002117-003,2117-3,ODOO-PROD-002117,2117,3,212936,released,TRUE,2024-05-08,90.30
ODOO-VER-002118-001,2118-1,ODOO-PROD-002118,2118,1,212937,released,FALSE,2024-05-09,91.10
ODOO-VER-002118-002,2118-2,ODOO-PROD-002118,2118,2,212937,released,FALSE,2024-05-12,91.20
ODOO-VER-002118-003,2118-3,ODOO-PROD-002118,2118,3,212937,released,FALSE,2024-05-15,91.30
ODOO-VER-002118-004,2118-4,ODOO-PROD-002118,2118,4,212937,released,TRUE,2024-05-18,91.40
ODOO-VER-002119-001,2119-1,ODOO-PROD-002119,2119,1,212940,released,FALSE,2024-05-16,92.10
ODOO-VER-002119-002,2119-2,ODOO-PROD-002119,2119,2,212940,released,FALSE,2024-05-19,92.20
ODOO-VER-002119-003,2119-3,ODOO-PROD-002119,2119,3,212940,released,FALSE,2024-05-22,92.30
ODOO-VER-002119-004,2119-4,ODOO-PROD-002119,2119,4,212940,released,FALSE,2024-05-25,92.40
ODOO-VER-002119-005,2119-5,ODOO-PROD-002119,2119,5,212940,released,TRUE,2024-05-28,92.50
ODOO-VER-002120-001,2120-1,ODOO-PROD-002120,2120,1,212938,released,FALSE,2024-05-23,93.10
ODOO-VER-002120-002,2120-2,ODOO-PROD-002120,2120,2,212938,released,FALSE,2024-05-26,93.20
ODOO-VER-002120-003,2120-3,ODOO-PROD-002120,2120,3,212938,released,FALSE,2024-05-29,93.30
ODOO-VER-002120-004,2120-4,ODOO-PROD-002120,2120,4,212938,released,TRUE,2024-06-01,93.40
ODOO-VER-002128-001,2128-1,ODOO-PROD-002128,2128,1,212941,released,FALSE,2024-07-18,101.10
ODOO-VER-002128-002,2128-2,ODOO-PROD-002128,2128,2,212941,released,FALSE,2024-07-21,101.20
ODOO-VER-002128-003,2128-3,ODOO-PROD-002128,2128,3,212941,released,FALSE,2024-07-24,101.30
ODOO-VER-002128-004,2128-4,ODOO-PROD-002128,2128,4,212941,released,FALSE,2024-07-27,101.40
ODOO-VER-002128-005,2128-5,ODOO-PROD-002128,2128,5,212941,released,TRUE,2024-07-30,101.50
ODOO-VER-002130-001,2130-1,ODOO-PROD-002130,2130,1,COPY OF 212940,released,FALSE,2024-08-01,103.10
ODOO-VER-002130-002,2130-2,ODOO-PROD-002130,2130,2,COPY OF 212940,released,FALSE,2024-08-04,103.20
ODOO-VER-002130-003,2130-3,ODOO-PROD-002130,2130,3,COPY OF 212940,released,FALSE,2024-08-07,103.30
ODOO-VER-002130-004,2130-4,ODOO-PROD-002130,2130,4,COPY OF 212940,released,TRUE,2024-08-10,103.40
ODOO-VER-002131-001,2131-1,ODOO-PROD-002131,2131,1,212943,released,FALSE,2024-08-08,104.10
ODOO-VER-002131-002,2131-2,ODOO-PROD-002131,2131,2,212943,released,FALSE,2024-08-11,104.20
ODOO-VER-002131-003,2131-3,ODOO-PROD-002131,2131,3,212943,released,TRUE,2024-08-14,104.30
ODOO-VER-002132-001,2132-1,ODOO-PROD-002132,2132,1,212942,released,FALSE,2024-08-15,105.10
ODOO-VER-002132-002,2132-2,ODOO-PROD-002132,2132,2,212942,released,FALSE,2024-08-18,105.20
ODOO-VER-002132-003,2132-3,ODOO-PROD-002132,2132,3,212942,released,FALSE,2024-08-21,105.30
ODOO-VER-002132-004,2132-4,ODOO-PROD-002132,2132,4,212942,released,TRUE,2024-08-24,105.40
ODOO-VER-002136-001,2136-1,ODOO-PROD-002136,2136,1,212945,in_review,FALSE,2024-09-12,12.10
ODOO-VER-002136-002,2136-2,ODOO-PROD-002136,2136,2,212945,in_review,FALSE,2024-09-15,12.20
ODOO-VER-002136-003,2136-3,ODOO-PROD-002136,2136,3,212945,in_review,FALSE,2024-09-18,12.30
ODOO-VER-002136-004,2136-4,ODOO-PROD-002136,2136,4,212945,in_review,FALSE,2024-09-21,12.40
ODOO-VER-002136-005,2136-5,ODOO-PROD-002136,2136,5,212945,in_review,TRUE,2024-09-24,12.50
ODOO-VER-002138-001,2138-1,ODOO-PROD-002138,2138,1,212946,in_review,FALSE,2024-09-26,14.10
ODOO-VER-002138-002,2138-2,ODOO-PROD-002138,2138,2,212946,in_review,FALSE,2024-09-29,14.20
ODOO-VER-002138-003,2138-3,ODOO-PROD-002138,2138,3,212946,in_review,FALSE,2024-10-02,14.30
ODOO-VER-002138-004,2138-4,ODOO-PROD-002138,2138,4,212946,in_review,TRUE,2024-10-05,14.40
ODOO-VER-002140-001,2140-1,ODOO-PROD-002140,2140,1,212947,released,FALSE,2024-10-10,16.10
ODOO-VER-002140-002,2140-2,ODOO-PROD-002140,2140,2,212947,released,FALSE,2024-10-13,16.20
ODOO-VER-002140-003,2140-3,ODOO-PROD-002140,2140,3,212947,released,FALSE,2024-10-16,16.30
ODOO-VER-002140-004,2140-4,ODOO-PROD-002140,2140,4,212947,released,FALSE,2024-10-19,16.40
ODOO-VER-002140-005,2140-5,ODOO-PROD-002140,2140,5,212947,released,TRUE,2024-10-22,16.50
ODOO-VER-002142-001,2142-1,ODOO-PROD-002142,2142,1,212948,in_review,FALSE,2024-10-24,18.10
ODOO-VER-002142-002,2142-2,ODOO-PROD-002142,2142,2,212948,in_review,FALSE,2024-10-27,18.20
ODOO-VER-002142-003,2142-3,ODOO-PROD-002142,2142,3,212948,in_review,TRUE,2024-10-30,18.30
ODOO-VER-002144-001,2144-1,ODOO-PROD-002144,2144,1,212951,released,FALSE,2024-11-07,20.10
ODOO-VER-002144-002,2144-2,ODOO-PROD-002144,2144,2,212951,released,FALSE,2024-11-10,20.20
ODOO-VER-002144-003,2144-3,ODOO-PROD-002144,2144,3,212951,released,TRUE,2024-11-13,20.30
ODOO-VER-002146-001,2146-1,ODOO-PROD-002146,2146,1,21545459044,in_review,FALSE,2024-11-21,22.10
ODOO-VER-002146-002,2146-2,ODOO-PROD-002146,2146,2,21545459044,in_review,FALSE,2024-11-24,22.20
ODOO-VER-002146-003,2146-3,ODOO-PROD-002146,2146,3,21545459044,in_review,FALSE,2024-11-27,22.30
ODOO-VER-002146-004,2146-4,ODOO-PROD-002146,2146,4,21545459044,in_review,FALSE,2024-11-30,22.40
ODOO-VER-002146-005,2146-5,ODOO-PROD-002146,2146,5,21545459044,in_review,FALSE,2024-12-03,22.50
ODOO-VER-002146-006,2146-6,ODOO-PROD-002146,2146,6,21545459044,in_review,TRUE,2024-12-06,22.60
ODOO-VER-002147-001,2147-1,ODOO-PROD-002147,2147,1,PNEUMATIC 200080,draft,FALSE,2024-11-28,23.10
ODOO-VER-002147-002,2147-2,ODOO-PROD-002147,2147,2,PNEUMATIC 200080,draft,FALSE,2024-12-01,23.20
ODOO-VER-002147-003,2147-3,ODOO-PROD-002147,2147,3,PNEUMATIC 200080,draft,FALSE,2024-12-04,23.30
ODOO-VER-002147-004,2147-4,ODOO-PROD-002147,2147,4,PNEUMATIC 200080,draft,TRUE,2024-12-07,23.40
ODOO-VER-002148-001,2148-1,ODOO-PROD-002148,2148,1,COPY OF 200080,in_review,FALSE,2024-12-05,24.10
ODOO-VER-002148-002,2148-2,ODOO-PROD-002148,2148,2,COPY OF 200080,in_review,FALSE,2024-12-08,24.20
ODOO-VER-002148-003,2148-3,ODOO-PROD-002148,2148,3,COPY OF 200080,in_review,FALSE,2024-12-11,24.30
ODOO-VER-002148-004,2148-4,ODOO-PROD-002148,2148,4,COPY OF 200080,in_review,FALSE,2024-12-14,24.40
ODOO-VER-002148-005,2148-5,ODOO-PROD-002148,2148,5,COPY OF 200080,in_review,FALSE,2024-12-17,24.50
ODOO-VER-002148-006,2148-6,ODOO-PROD-002148,2148,6,COPY OF 200080,in_review,FALSE,2024-12-20,24.60
ODOO-VER-002148-007,2148-7,ODOO-PROD-002148,2148,7,COPY OF 200080,in_review,FALSE,2024-12-23,24.70
ODOO-VER-002148-008,2148-8,ODOO-PROD-002148,2148,8,COPY OF 200080,in_review,TRUE,2024-12-26,24.80
ODOO-VER-002149-001,2149-1,ODOO-PROD-002149,2149,1,COPY OF 212919,draft,TRUE,2024-12-12,25.10
ODOO-VER-002150-001,2150-1,ODOO-PROD-002150,2150,1,MULTIPLETESTFILE,in_review,FALSE,2024-12-19,26.10
ODOO-VER-002150-002,2150-2,ODOO-PROD-002150,2150,2,MULTIPLETESTFILE,in_review,FALSE,2024-12-22,26.20
ODOO-VER-002150-003,2150-3,ODOO-PROD-002150,2150,3,MULTIPLETESTFILE,in_review,FALSE,2024-12-25,26.30
ODOO-VER-002150-004,2150-4,ODOO-PROD-002150,2150,4,MULTIPLETESTFILE,in_review,TRUE,2024-12-28,26.40
ODOO-VER-002153-001,2153-1,ODOO-PROD-002153,2153,1,COPY OF MULTIPLETESTFILE,in_review,FALSE,2025-01-09,29.10
ODOO-VER-002153-002,2153-2,ODOO-PROD-002153,2153,2,COPY OF MULTIPLETESTFILE,in_review,TRUE,2025-01-12,29.20
ODOO-VER-002154-001,2154-1,ODOO-PROD-002154,2154,1,COPY (2) OF MULTIPLETESTFILE,in_review,FALSE,2025-01-16,30.10
ODOO-VER-002154-002,2154-2,ODOO-PROD-002154,2154,2,COPY (2) OF MULTIPLETESTFILE,in_review,TRUE,2025-01-19,30.20
ODOO-VER-002155-001,2155-1,ODOO-PROD-002155,2155,1,219055,in_review,FALSE,2025-01-23,31.10
ODOO-VER-002155-002,2155-2,ODOO-PROD-002155,2155,2,219055,in_review,FALSE,2025-01-26,31.20
ODOO-VER-002155-003,2155-3,ODOO-PROD-002155,2155,3,219055,in_review,TRUE,2025-01-29,31.30
ODOO-VER-002156-001,2156-1,ODOO-PROD-002156,2156,1,COPY (4) OF MULTIPLETESTFILE,in_review,FALSE,2025-01-30,32.10
ODOO-VER-002156-002,2156-2,ODOO-PROD-002156,2156,2,COPY (4) OF MULTIPLETESTFILE,in_review,TRUE,2025-02-02,32.20
ODOO-VER-002165-001,2165-1,ODOO-PROD-002165,2165,1,219056,in_review,FALSE,2025-04-03,41.10
ODOO-VER-002165-002,2165-2,ODOO-PROD-002165,2165,2,219056,in_review,FALSE,2025-04-06,41.20
ODOO-VER-002165-003,2165-3,ODOO-PROD-002165,2165,3,219056,in_review,TRUE,2025-04-09,41.30
ODOO-VER-002166-003,2166-3,ODOO-PROD-002166,2166,3,219069,released,TRUE,2025-04-16,42.30
ODOO-VER-002166-001,2166-1,ODOO-PROD-002166,2166,1,219069,released,FALSE,2025-04-10,42.10
ODOO-VER-002166-002,2166-2,ODOO-PROD-002166,2166,2,219069,released,FALSE,2025-04-13,42.20
ODOO-VER-002167-001,2167-1,ODOO-PROD-002167,2167,1,219064,in_review,FALSE,2025-04-17,43.10
ODOO-VER-002167-002,2167-2,ODOO-PROD-002167,2167,2,219064,in_review,FALSE,2025-04-20,43.20
ODOO-VER-002167-003,2167-3,ODOO-PROD-002167,2167,3,219064,in_review,TRUE,2025-04-23,43.30
ODOO-VER-002168-001,2168-1,ODOO-PROD-002168,2168,1,COPY (3) OF MULTIPLETESTFILE,in_review,FALSE,2025-04-24,44.10
ODOO-VER-002168-002,2168-2,ODOO-PROD-002168,2168,2,COPY (3) OF MULTIPLETESTFILE,in_review,TRUE,2025-04-27,44.20
ODOO-VER-002173-001,2173-1,ODOO-PROD-002173,2173,1,219059,draft,FALSE,2025-05-29,49.10
ODOO-VER-002173-002,2173-2,ODOO-PROD-002173,2173,2,219059,draft,FALSE,2025-06-01,49.20
ODOO-VER-002173-003,2173-3,ODOO-PROD-002173,2173,3,219059,draft,TRUE,2025-06-04,49.30
ODOO-VER-002175-001,2175-1,ODOO-PROD-002175,2175,1,COPY OF 200081,draft,FALSE,2025-06-12,51.10
ODOO-VER-002175-002,2175-2,ODOO-PROD-002175,2175,2,COPY OF 200081,draft,FALSE,2025-06-15,51.20
ODOO-VER-002175-003,2175-3,ODOO-PROD-002175,2175,3,COPY OF 200081,draft,TRUE,2025-06-18,51.30
ODOO-VER-002176-001,2176-1,ODOO-PROD-002176,2176,1,COPY OF COPY OF 200081,draft,FALSE,2025-06-19,52.10
ODOO-VER-002176-002,2176-2,ODOO-PROD-002176,2176,2,COPY OF COPY OF 200081,draft,FALSE,2025-06-22,52.20
ODOO-VER-002176-003,2176-3,ODOO-PROD-002176,2176,3,COPY OF COPY OF 200081,draft,TRUE,2025-06-25,52.30
ODOO-VER-002181-001,2181-1,ODOO-PROD-002181,2181,1,219066,in_review,FALSE,2025-07-24,57.10
ODOO-VER-002181-002,2181-2,ODOO-PROD-002181,2181,2,219066,in_review,FALSE,2025-07-27,57.20
ODOO-VER-002181-003,2181-3,ODOO-PROD-002181,2181,3,219066,in_review,TRUE,2025-07-30,57.30
ODOO-VER-002184-001,2184-1,ODOO-PROD-002184,2184,1,219065,in_review,FALSE,2025-08-14,60.10
ODOO-VER-002184-002,2184-2,ODOO-PROD-002184,2184,2,219065,in_review,FALSE,2025-08-17,60.20
ODOO-VER-002184-003,2184-3,ODOO-PROD-002184,2184,3,219065,in_review,TRUE,2025-08-20,60.30
ODOO-VER-002187-001,2187-1,ODOO-PROD-002187,2187,1,219068,in_review,FALSE,2025-09-04,63.10
ODOO-VER-002187-002,2187-2,ODOO-PROD-002187,2187,2,219068,in_review,FALSE,2025-09-07,63.20
ODOO-VER-002187-003,2187-3,ODOO-PROD-002187,2187,3,219068,in_review,TRUE,2025-09-10,63.30
ODOO-VER-002188-001,2188-1,ODOO-PROD-002188,2188,1,219067,in_review,FALSE,2025-09-11,64.10
ODOO-VER-002188-002,2188-2,ODOO-PROD-002188,2188,2,219067,in_review,FALSE,2025-09-14,64.20
ODOO-VER-002188-003,2188-3,ODOO-PROD-002188,2188,3,219067,in_review,TRUE,2025-09-17,64.30
ODOO-VER-002193-001,2193-1,ODOO-PROD-002193,2193,1,COPY OF 219067,draft,FALSE,2025-10-16,69.10
ODOO-VER-002193-002,2193-2,ODOO-PROD-002193,2193,2,COPY OF 219067,draft,TRUE,2025-10-19,69.20
ODOO-VER-002196-001,2196-1,ODOO-PROD-002196,2196,1,COPY OF 219068,draft,TRUE,2025-11-06,72.10
ODOO-VER-002197-001,2197-1,ODOO-PROD-002197,2197,1,209876543,draft,FALSE,2025-11-13,73.10
ODOO-VER-002197-002,2197-2,ODOO-PROD-002197,2197,2,209876543,draft,FALSE,2025-11-16,73.20
ODOO-VER-002197-003,2197-3,ODOO-PROD-002197,2197,3,209876543,draft,TRUE,2025-11-19,73.30
ODOO-VER-002199-001,2199-1,ODOO-PROD-002199,2199,1,COPY OF PART1,draft,FALSE,2025-11-27,75.10
ODOO-VER-002199-002,2199-2,ODOO-PROD-002199,2199,2,COPY OF PART1,draft,TRUE,2025-11-30,75.20
ODOO-VER-002200-001,2200-1,ODOO-PROD-002200,2200,1,COPY OF 210876,draft,FALSE,2024-01-04,76.10
ODOO-VER-002200-002,2200-2,ODOO-PROD-002200,2200,2,COPY OF 210876,draft,FALSE,2024-01-07,76.20
ODOO-VER-002200-003,2200-3,ODOO-PROD-002200,2200,3,COPY OF 210876,draft,FALSE,2024-01-10,76.30
ODOO-VER-002200-004,2200-4,ODOO-PROD-002200,2200,4,COPY OF 210876,draft,FALSE,2024-01-13,76.40
ODOO-VER-002200-005,2200-5,ODOO-PROD-002200,2200,5,COPY OF 210876,draft,FALSE,2024-01-16,76.50
ODOO-VER-002200-006,2200-6,ODOO-PROD-002200,2200,6,COPY OF 210876,draft,TRUE,2024-01-19,76.60
ODOO-VER-003197-001,3197-1,ODOO-PROD-003197,3197,1,223735,in_review,FALSE,2025-11-13,103.10
ODOO-VER-003197-002,3197-2,ODOO-PROD-003197,3197,2,223735,in_review,FALSE,2025-11-16,103.20
ODOO-VER-003197-003,3197-3,ODOO-PROD-003197,3197,3,223735,in_review,FALSE,2025-11-19,103.30
ODOO-VER-003197-004,3197-4,ODOO-PROD-003197,3197,4,223735,in_review,FALSE,2025-11-22,103.40
ODOO-VER-003197-005,3197-5,ODOO-PROD-003197,3197,5,223735,in_review,FALSE,2025-11-25,103.50
ODOO-VER-003197-006,3197-6,ODOO-PROD-003197,3197,6,223735,in_review,TRUE,2025-11-28,103.60
